SET FOREIGN_KEY_CHECKS=0;
USE it_parkv10;

-- ----------------------------
-- Records of camerainfo
-- ----------------------------
INSERT INTO `camerainfo` VALUES ('1', '外场入口', '192.168.0.33', '80', 'admin', 'admin', '停车场入口', 1, 1, 1, 'e9842803-d6bf-4e40-93b6-7936e8be2088', '1号岗亭', '192.168.0.18', '\0', 'a74ffbcb-a969-4e30-8cd8-7867ee07fd75', '1', '0', '1', 1, '\0', '1', '\0', '\0', '-1', '192.168.0.1', '0');
INSERT INTO `camerainfo` VALUES ('2', '外场出口', '192.168.0.44', '80', 'admin', 'admin', '停车场出口', '\0', 1, 1, '097e638a-f147-4661-97aa-adefb98765e3', '1号岗亭', '192.168.0.18', '\0', 'a74ffbcb-a969-4e30-8cd8-7867ee07fd75', '1', '0', '1', 1, '\0', '2', '\0', '\0', '-1', '192.168.0.1', '0');
INSERT INTO `camerainfo` VALUES ('3', '内场入口', '192.168.0.223', '80', 'admin', 'admin', '停车场入口', 1, '\0', '\0', '9132f5fd-cb57-4979-aaea-02ae2b114ebd', '', '192.168.0.18', '\0', '3aaddb19-e445-49d0-abcf-e05268a071ac', '1', '0', '1', 1, '\0', '3', '\0', '\0', '-1', '192.168.0.1', '0');
INSERT INTO `camerainfo` VALUES ('4', '内场出口', '192.168.0.224', '80', 'admin', 'admin', '停车场出口', '\0', '\0', '\0', '4506a4ee-7747-4cac-b014-f7fea82c390b', '', '192.168.0.18', '\0', '3aaddb19-e445-49d0-abcf-e05268a071ac', '1', '0', '1', 1, '\0', '4', '\0', '\0', '-1', '192.168.0.1', '0');

-- ----------------------------
-- Records of chargepackage
-- ----------------------------
INSERT INTO `chargepackage` VALUES ('64aba0e2-8551-4dfd-bcdd-2cd304adc1f6', '1月', '30.0000', '0', '1');
INSERT INTO `chargepackage` VALUES ('cb56920e-2204-4a49-a8b0-b76a0eb867ea', '1年', '365.0000', '1', '1');

-- ----------------------------
-- Records of chargetypes
-- ----------------------------
INSERT INTO `chargetypes` VALUES ('2f11a298-114e-45a5-a996-26fa5b6028e7', '高收费标准', '二十四小时式收费', 'AAAB9AEAAAEUACgAPABQAGQAeACMAKAAtADIANwA8AAEARgBLAFAAVQBaAF8AZABpAG4AcwB4AEAAAAAAAAAAA==');
INSERT INTO `chargetypes` VALUES ('57256b71-046f-4028-87b5-294c126c4c4e', '低收费标准', '二十四小时式收费', 'AAAB9AEAAAEKABQAHgAoADIAPABGAFAAWgBkAG4AeACCAIwAlgCgAKoAtAC+AMgA0gDcAOYA8AAAAAAAAAAAAA==');
INSERT INTO `chargetypes` VALUES ('5d7ea854-db96-4dd8-b485-c8c54734082a', '二段式分', '二段式收费（分）', 'AAAAAAcAABMAAPAAAQDgAQEACgDwAAEA4AEBAAoAAA==');

-- ----------------------------
-- Records of databaseconfig
-- ----------------------------
INSERT INTO `databaseconfig` VALUES ('0', 1, '2014-11-24 13:00:00', '\0', 'E:\\pic');
INSERT INTO `databaseconfig` VALUES ('1', '\0', '2014-11-24 12:00:00', '\0', null);


-- ----------------------------
-- Records of department
-- ----------------------------
INSERT INTO `department` VALUES ('26893ef6-1de3-4077-a3d4-3b25d1d0389d', '00000000-0000-0000-0000-000000000000', '部门', '0', '');

-- ----------------------------
-- Records of opendoorreasontable
-- ----------------------------
INSERT INTO `opendoorreasontable` VALUES ('1', '公务车');


-- ----------------------------
-- Records of operator
-- ----------------------------
INSERT INTO `operator` VALUES ('2c441aeb-567d-4078-8a01-4b0f6ec45d12', 'admin', '', 'c026429f-372a-422e-928e-bd7e964b4b34', '管理员', '1');
INSERT INTO `operator` VALUES ('967e102d-9362-4290-92ef-c2c022e08fc1', '保安1', '', '0dca5874-c38f-456a-b36c-b30ae13ab865', '收费员', '2');


-- ----------------------------
-- Records of parkingconfig
-- ----------------------------
INSERT INTO `parkingconfig` VALUES ('3aaddb19-e445-49d0-abcf-e05268a071ac', '200', '200', null, null, '我是内场,honey', '保持车距，依次行驶', '16', '1', '晓玲', '80', 1, '2', '', '10', 1, 1, 1, '\0', '\0', '藏', '内场', '\0', '57256b71-046f-4028-87b5-294c126c4c4e', '低收费标准', 1);
INSERT INTO `parkingconfig` VALUES ('a74ffbcb-a969-4e30-8cd8-7867ee07fd75', '800', '200', null, null, '我是外场,亲', '保持车距，依次行驶', '16', '1', '晓玲', '80', 1, '2', '', '10', 1, 1, 1, '\0', '\0', '藏', '外场', '\0', '57256b71-046f-4028-87b5-294c126c4c4e', '低收费标准', '\0');


-- ----------------------------
-- Records of publicconfig
-- ----------------------------
INSERT INTO `publicconfig` VALUES ('0', '{\"ImagePath\":\"E:\\\\pic\",\"LocalProvince\":\"鄂\",\"YellowPlateChargeType\":\"2f11a298-114e-45a5-a996-26fa5b6028e7\",\"SamePlateNoHandleTime\":1,\"LEDDisplayTime\":5,\"AlarmTime\":0,\"IsRebootPC\":false,\"RebootTime\":\"2000/1/1 0:00:00\",\"SaveInOutErrorInfo\":true,\"MonthlyWarningDay\":30,\"StoredCarWarningValue\":50,\"VehicleCentralOutTime\":15,\"CustomDiscount\":0,\"EnableRouteMoney\":false,\"DifferentRouteMoney\":5,\"IsRoutePass\":false,\"FreeChargeAutoOpen\":true,\"IsDayChargeLimit\":false,\"DayChargeLimitType\":0,\"DayChargeLimitCharge\":0.0,\"FuzzyLength\":1,\"FuzzyMatchType\":1,\"IgnoreChinese\":true,\"ParkingFuzzyMatch\":false,\"FuzzyMatchPlateNeedComfirm\":false}');


-- ----------------------------
-- Records of role
-- ----------------------------
INSERT INTO `role` VALUES ('c026429f-372a-422e-928e-bd7e964b4b34', '管理员', '1', '车道管理', 1);
INSERT INTO `role` VALUES ('c026429f-372a-422e-928e-bd7e964b4b34', '管理员', '2', '车场管理', 1);
INSERT INTO `role` VALUES ('c026429f-372a-422e-928e-bd7e964b4b34', '管理员', '3', '部门管理', 1);
INSERT INTO `role` VALUES ('c026429f-372a-422e-928e-bd7e964b4b34', '管理员', '4', '用户管理', 1);
INSERT INTO `role` VALUES ('c026429f-372a-422e-928e-bd7e964b4b34', '管理员', '5', '收费管理', 1);
INSERT INTO `role` VALUES ('c026429f-372a-422e-928e-bd7e964b4b34', '管理员', '6', '车辆管理', 1);
INSERT INTO `role` VALUES ('c026429f-372a-422e-928e-bd7e964b4b34', '管理员', '7', '实时监控', 1);
INSERT INTO `role` VALUES ('c026429f-372a-422e-928e-bd7e964b4b34', '管理员', '8', '报表查询', 1);
INSERT INTO `role` VALUES ('c026429f-372a-422e-928e-bd7e964b4b34', '管理员', '9', '操作员管理', 1);
INSERT INTO `role` VALUES ('c026429f-372a-422e-928e-bd7e964b4b34', '管理员', '10', '数据库管理', 1);
INSERT INTO `role` VALUES ('c026429f-372a-422e-928e-bd7e964b4b34', '管理员', '11', '系统配置', 1);
INSERT INTO `role` VALUES ('c026429f-372a-422e-928e-bd7e964b4b34', '管理员', '12', '手动开闸', 1);
INSERT INTO `role` VALUES ('c026429f-372a-422e-928e-bd7e964b4b34', '管理员', '13', '手动出场', 1);
INSERT INTO `role` VALUES ('c026429f-372a-422e-928e-bd7e964b4b34', '管理员', '14', '手动输入车牌', 1);
INSERT INTO `role` VALUES ('c026429f-372a-422e-928e-bd7e964b4b34', '管理员', '15', '中央收费', 1);
INSERT INTO `role` VALUES ('c026429f-372a-422e-928e-bd7e964b4b34', '管理员', '16', '收费套餐', 1);
INSERT INTO `role` VALUES ('c026429f-372a-422e-928e-bd7e964b4b34', '管理员', '17', '显示月租车', 1);
INSERT INTO `role` VALUES ('c026429f-372a-422e-928e-bd7e964b4b34', '管理员', '18', '开启队列', 1);
INSERT INTO `role` VALUES ('c026429f-372a-422e-928e-bd7e964b4b34', '管理员', '19', '储值车充值', 1);
INSERT INTO `role` VALUES ('c026429f-372a-422e-928e-bd7e964b4b34', '管理员', '20', '月租车充值', 1);
INSERT INTO `role` VALUES ('0dca5874-c38f-456a-b36c-b30ae13ab865', '收费员', '1', '车道管理', '\0');
INSERT INTO `role` VALUES ('0dca5874-c38f-456a-b36c-b30ae13ab865', '收费员', '2', '车场管理', '\0');
INSERT INTO `role` VALUES ('0dca5874-c38f-456a-b36c-b30ae13ab865', '收费员', '3', '部门管理', '\0');
INSERT INTO `role` VALUES ('0dca5874-c38f-456a-b36c-b30ae13ab865', '收费员', '4', '用户管理', '\0');
INSERT INTO `role` VALUES ('0dca5874-c38f-456a-b36c-b30ae13ab865', '收费员', '5', '收费管理', '\0');
INSERT INTO `role` VALUES ('0dca5874-c38f-456a-b36c-b30ae13ab865', '收费员', '6', '车辆管理', '\0');
INSERT INTO `role` VALUES ('0dca5874-c38f-456a-b36c-b30ae13ab865', '收费员', '7', '实时监控', 1);
INSERT INTO `role` VALUES ('0dca5874-c38f-456a-b36c-b30ae13ab865', '收费员', '8', '报表查询', 1);
INSERT INTO `role` VALUES ('0dca5874-c38f-456a-b36c-b30ae13ab865', '收费员', '9', '操作员管理', '\0');
INSERT INTO `role` VALUES ('0dca5874-c38f-456a-b36c-b30ae13ab865', '收费员', '10', '数据库管理', '\0');
INSERT INTO `role` VALUES ('0dca5874-c38f-456a-b36c-b30ae13ab865', '收费员', '11', '系统配置', '\0');
INSERT INTO `role` VALUES ('0dca5874-c38f-456a-b36c-b30ae13ab865', '收费员', '12', '手动开闸', 1);
INSERT INTO `role` VALUES ('0dca5874-c38f-456a-b36c-b30ae13ab865', '收费员', '13', '手动出场', '\0');
INSERT INTO `role` VALUES ('0dca5874-c38f-456a-b36c-b30ae13ab865', '收费员', '14', '手动输入车牌', 1);
INSERT INTO `role` VALUES ('0dca5874-c38f-456a-b36c-b30ae13ab865', '收费员', '15', '中央收费', '\0');
INSERT INTO `role` VALUES ('0dca5874-c38f-456a-b36c-b30ae13ab865', '收费员', '16', '收费套餐', '\0');
INSERT INTO `role` VALUES ('0dca5874-c38f-456a-b36c-b30ae13ab865', '收费员', '17', '显示月租车', 1);
INSERT INTO `role` VALUES ('0dca5874-c38f-456a-b36c-b30ae13ab865', '收费员', '18', '开启队列', '\0');
INSERT INTO `role` VALUES ('0dca5874-c38f-456a-b36c-b30ae13ab865', '收费员', '19', '储值车充值', '\0');
INSERT INTO `role` VALUES ('0dca5874-c38f-456a-b36c-b30ae13ab865', '收费员', '20', '月租车充值', '\0');


-- ----------------------------
-- Records of shiftrecord
-- ----------------------------
INSERT INTO `shiftrecord` VALUES ('05a56434-4c32-4de8-861b-e51e4e492028', '2c441aeb-567d-4078-8a01-4b0f6ec45d12', 'admin', '0.0000', '0.0000', '0.0000', '0', '0', '2017-09-21 11:29:47', null, 1, null, '0.0000');


-- ----------------------------
-- Records of tableconfig
-- ----------------------------
INSERT INTO `tableconfig` VALUES ('1', '车辆进出记录表', '\0', '30');
INSERT INTO `tableconfig` VALUES ('2', '收费明细记录表', '\0', '30');
INSERT INTO `tableconfig` VALUES ('3', '交班信息记录表', '\0', '30');
INSERT INTO `tableconfig` VALUES ('4', '免费放行记录表', '\0', '30');
INSERT INTO `tableconfig` VALUES ('5', '手动开闸记录表', '\0', '30');
INSERT INTO `tableconfig` VALUES ('6', '车牌变更记录表', '\0', '30');
INSERT INTO `tableconfig` VALUES ('7', '车辆充值记录表', '\0', '30');
INSERT INTO `tableconfig` VALUES ('8', '中央收费记录表', '\0', '30');
INSERT INTO `tableconfig` VALUES ('9', '自动删除图片', 1, '30');
INSERT INTO `tableconfig` VALUES ('10', '出场错误记录表', '\0', '30');
INSERT INTO `tableconfig` VALUES ('11', '在场车辆记录表', 1, '3');
INSERT INTO `tableconfig` VALUES ('12', '异常开闸记录表', '\0', '30');
INSERT INTO `tableconfig` VALUES ('13', '储值车充值记录表', '\0', '30');
INSERT INTO `tableconfig` VALUES ('14', '手动出场记录表', '\0', '30');

-- ----------------------------
-- Records of userinfo
-- ----------------------------
INSERT INTO `userinfo` VALUES ('013acd9a-148b-4983-97df-dabe23cba6ca', '用户0119', '1', '\0', '', null, '', '26893ef6-1de3-4077-a3d4-3b25d1d0389d', null, '部门', '0.0000');
INSERT INTO `userinfo` VALUES ('02b2905b-6ec5-416b-85be-11caa9e04f1d', '用户0109', '1', '\0', '', null, '', '26893ef6-1de3-4077-a3d4-3b25d1d0389d', null, '部门', '0.0000');
INSERT INTO `userinfo` VALUES ('07c21078-606f-469b-8e2a-b2f17d9cab27', '用户0068', '1', '\0', '', null, '', '26893ef6-1de3-4077-a3d4-3b25d1d0389d', null, '部门', '0.0000');
INSERT INTO `userinfo` VALUES ('083c46a3-816b-4b23-ab4a-413e07bf74f9', '用户0124', '1', '\0', '', null, '', '26893ef6-1de3-4077-a3d4-3b25d1d0389d', null, '部门', '0.0000');
INSERT INTO `userinfo` VALUES ('0a19eb04-a175-495e-8d5d-155d620b9420', '用户0166', '1', '\0', '', null, '', '26893ef6-1de3-4077-a3d4-3b25d1d0389d', null, '部门', '0.0000');
INSERT INTO `userinfo` VALUES ('0a48f6ff-e304-4c39-9670-6cb9fb78ec17', '用户0181', '1', '\0', '', null, '', '26893ef6-1de3-4077-a3d4-3b25d1d0389d', null, '部门', '0.0000');
INSERT INTO `userinfo` VALUES ('0a92c6de-1e06-4739-b26c-249aaeaa0d67', '用户0140', '1', '\0', '', null, '', '26893ef6-1de3-4077-a3d4-3b25d1d0389d', null, '部门', '0.0000');
INSERT INTO `userinfo` VALUES ('0f1f8474-57d7-4044-ba83-0fb093a7fe91', '用户0056', '1', '\0', '', null, '', '26893ef6-1de3-4077-a3d4-3b25d1d0389d', null, '部门', '0.0000');
INSERT INTO `userinfo` VALUES ('0f4eb9f4-a253-489b-aeb3-182a9ff0d9cb', '用户0120', '1', '\0', '', null, '', '26893ef6-1de3-4077-a3d4-3b25d1d0389d', null, '部门', '0.0000');
INSERT INTO `userinfo` VALUES ('11891521-32d3-498b-afe8-64c3877b0677', '用户0145', '1', '\0', '', null, '', '26893ef6-1de3-4077-a3d4-3b25d1d0389d', null, '部门', '0.0000');
INSERT INTO `userinfo` VALUES ('12418d41-b735-4707-804c-ea858885cd8e', '用户0117', '1', '\0', '', null, '', '26893ef6-1de3-4077-a3d4-3b25d1d0389d', null, '部门', '0.0000');
INSERT INTO `userinfo` VALUES ('1962a72c-b783-4933-91f0-34b645c5cfd0', '用户0057', '1', '\0', '', null, '', '26893ef6-1de3-4077-a3d4-3b25d1d0389d', null, '部门', '0.0000');
INSERT INTO `userinfo` VALUES ('19722bb9-49e6-4c46-b97e-4567d8af4b3b', '用户0054', '1', '\0', '', null, '', '26893ef6-1de3-4077-a3d4-3b25d1d0389d', null, '部门', '0.0000');
INSERT INTO `userinfo` VALUES ('19ae40c1-8d91-4ec0-8f39-8cf7d78aabce', '用户0106', '1', '\0', '', null, '', '26893ef6-1de3-4077-a3d4-3b25d1d0389d', null, '部门', '0.0000');
INSERT INTO `userinfo` VALUES ('1cb36fa6-e6bc-4619-abb9-9e4a7efa88f0', '用户0146', '1', '\0', '', null, '', '26893ef6-1de3-4077-a3d4-3b25d1d0389d', null, '部门', '0.0000');
INSERT INTO `userinfo` VALUES ('1da0b07c-7e0c-46ad-9e7d-6b3d4584905b', '用户0097', '1', '\0', '', null, '', '26893ef6-1de3-4077-a3d4-3b25d1d0389d', null, '部门', '0.0000');
INSERT INTO `userinfo` VALUES ('1da55e44-f13b-47a8-a9e0-de9873ecc932', '用户0184', '1', '\0', '', null, '', '26893ef6-1de3-4077-a3d4-3b25d1d0389d', null, '部门', '0.0000');
INSERT INTO `userinfo` VALUES ('1e5ccbbc-fc74-47fe-8b50-6c4464475a86', '用户0053', '1', '\0', '', null, '', '26893ef6-1de3-4077-a3d4-3b25d1d0389d', null, '部门', '0.0000');
INSERT INTO `userinfo` VALUES ('1f715177-9923-4bb9-94c2-acf01468ba9d', '用户0080', '1', '\0', '', null, '', '26893ef6-1de3-4077-a3d4-3b25d1d0389d', null, '部门', '0.0000');
INSERT INTO `userinfo` VALUES ('21b89290-6cf9-467d-a02e-a109d2f68428', '用户0005', '1', '\0', '', null, '', '26893ef6-1de3-4077-a3d4-3b25d1d0389d', null, '部门', '0.0000');
INSERT INTO `userinfo` VALUES ('235e86cb-81b0-4af6-8078-d4487e4146cc', '用户0123', '1', '\0', '', null, '', '26893ef6-1de3-4077-a3d4-3b25d1d0389d', null, '部门', '0.0000');
INSERT INTO `userinfo` VALUES ('24feaa6e-5789-433d-aaa0-f0f79011050c', '用户0009', '1', '\0', '', null, '', '26893ef6-1de3-4077-a3d4-3b25d1d0389d', null, '部门', '0.0000');
INSERT INTO `userinfo` VALUES ('263faff8-7434-43c3-b163-31d5296743e3', '用户0153', '1', '\0', '', null, '', '26893ef6-1de3-4077-a3d4-3b25d1d0389d', null, '部门', '0.0000');
INSERT INTO `userinfo` VALUES ('28a94519-7b32-4e39-b49c-c94e6c8a8ed9', '用户0025', '1', '\0', '', null, '', '26893ef6-1de3-4077-a3d4-3b25d1d0389d', null, '部门', '0.0000');
INSERT INTO `userinfo` VALUES ('299183ec-704e-48ad-a5dd-417e846a3823', '用户0104', '1', '\0', '', null, '', '26893ef6-1de3-4077-a3d4-3b25d1d0389d', null, '部门', '0.0000');
INSERT INTO `userinfo` VALUES ('307a0ffc-fa3e-4f9e-855f-af4c059d85db', '用户0172', '1', '\0', '', null, '', '26893ef6-1de3-4077-a3d4-3b25d1d0389d', null, '部门', '0.0000');
INSERT INTO `userinfo` VALUES ('3095377e-8f4a-4491-8620-9963a55a6305', '用户0178', '1', '\0', '', null, '', '26893ef6-1de3-4077-a3d4-3b25d1d0389d', null, '部门', '0.0000');
INSERT INTO `userinfo` VALUES ('311d4f8b-4ee9-4127-9e72-3b141177e0f2', '用户0003', '1', '\0', '', null, '', '26893ef6-1de3-4077-a3d4-3b25d1d0389d', null, '部门', '0.0000');
INSERT INTO `userinfo` VALUES ('3162f044-0a05-4498-8d5d-1e9383873a50', '用户0099', '1', '\0', '', null, '', '26893ef6-1de3-4077-a3d4-3b25d1d0389d', null, '部门', '0.0000');
INSERT INTO `userinfo` VALUES ('31a0f522-fe26-41b9-b5b0-1ccfa1dc4a88', '用户0098', '1', '\0', '', null, '', '26893ef6-1de3-4077-a3d4-3b25d1d0389d', null, '部门', '0.0000');
INSERT INTO `userinfo` VALUES ('31b29d15-69e7-4a5a-b92b-77b46b3a1a42', '用户0095', '1', '\0', '', null, '', '26893ef6-1de3-4077-a3d4-3b25d1d0389d', null, '部门', '0.0000');
INSERT INTO `userinfo` VALUES ('324edc86-5b72-4e5f-aa5c-b691f490ee1c', '用户0112', '1', '\0', '', null, '', '26893ef6-1de3-4077-a3d4-3b25d1d0389d', null, '部门', '0.0000');
INSERT INTO `userinfo` VALUES ('33d0dae6-a50c-4130-a325-324c8ae45549', '用户0152', '1', '\0', '', null, '', '26893ef6-1de3-4077-a3d4-3b25d1d0389d', null, '部门', '0.0000');
INSERT INTO `userinfo` VALUES ('33eff02e-923e-437b-873c-e13b86173b2e', '用户0160', '1', '\0', '', null, '', '26893ef6-1de3-4077-a3d4-3b25d1d0389d', null, '部门', '0.0000');
INSERT INTO `userinfo` VALUES ('3526c996-c398-4104-a9de-d499efb5ceb4', '用户0014', '1', '\0', '', null, '', '26893ef6-1de3-4077-a3d4-3b25d1d0389d', null, '部门', '0.0000');
INSERT INTO `userinfo` VALUES ('356d504c-f8bb-43f6-a9e6-2d5b0f7aa8ce', '用户0019', '1', '\0', '', null, '', '26893ef6-1de3-4077-a3d4-3b25d1d0389d', null, '部门', '0.0000');
INSERT INTO `userinfo` VALUES ('35b2704c-9236-41e5-b4f7-2a3ae91c2741', '用户0150', '1', '\0', '', null, '', '26893ef6-1de3-4077-a3d4-3b25d1d0389d', null, '部门', '0.0000');
INSERT INTO `userinfo` VALUES ('35ee1847-36c2-4579-8a34-dd52693681a3', '用户0066', '1', '\0', '', null, '', '26893ef6-1de3-4077-a3d4-3b25d1d0389d', null, '部门', '0.0000');
INSERT INTO `userinfo` VALUES ('379835eb-722a-4242-b6e2-56dbcedc41ca', '用户0077', '1', '\0', '', null, '', '26893ef6-1de3-4077-a3d4-3b25d1d0389d', null, '部门', '0.0000');
INSERT INTO `userinfo` VALUES ('38f12141-8d53-4394-9e10-fa7c756bc6f9', '用户0148', '1', '\0', '', null, '', '26893ef6-1de3-4077-a3d4-3b25d1d0389d', null, '部门', '0.0000');
INSERT INTO `userinfo` VALUES ('3b1fecec-d57c-437e-a620-e861ee53cead', '用户0032', '1', '\0', '', null, '', '26893ef6-1de3-4077-a3d4-3b25d1d0389d', null, '部门', '0.0000');
INSERT INTO `userinfo` VALUES ('3c208d38-1e54-4135-aa32-92971243a74c', '用户0038', '1', '\0', '', null, '', '26893ef6-1de3-4077-a3d4-3b25d1d0389d', null, '部门', '0.0000');
INSERT INTO `userinfo` VALUES ('3e231fc2-7626-45d9-ae13-d1c6f63cea27', '用户0180', '1', '\0', '', null, '', '26893ef6-1de3-4077-a3d4-3b25d1d0389d', null, '部门', '0.0000');
INSERT INTO `userinfo` VALUES ('3fd12646-a73a-40ee-aac7-95632ece61c8', '用户0051', '1', '\0', '', null, '', '26893ef6-1de3-4077-a3d4-3b25d1d0389d', null, '部门', '0.0000');
INSERT INTO `userinfo` VALUES ('401c688c-b197-425b-a71f-ea33f5cca5f8', '用户0063', '1', '\0', '', null, '', '26893ef6-1de3-4077-a3d4-3b25d1d0389d', null, '部门', '0.0000');
INSERT INTO `userinfo` VALUES ('43479870-8b37-4e2f-9189-eeb28cfa0288', '用户0168', '1', '\0', '', null, '', '26893ef6-1de3-4077-a3d4-3b25d1d0389d', null, '部门', '0.0000');
INSERT INTO `userinfo` VALUES ('437c9e34-be32-48b5-96f4-f47ef74547a4', '用户0091', '1', '\0', '', null, '', '26893ef6-1de3-4077-a3d4-3b25d1d0389d', null, '部门', '0.0000');
INSERT INTO `userinfo` VALUES ('453b5561-8970-4b36-b547-12f0c762f86a', '用户0083', '1', '\0', '', null, '', '26893ef6-1de3-4077-a3d4-3b25d1d0389d', null, '部门', '0.0000');
INSERT INTO `userinfo` VALUES ('45fbeed9-d057-4585-a2a5-63e82429ae45', '用户0158', '1', '\0', '', null, '', '26893ef6-1de3-4077-a3d4-3b25d1d0389d', null, '部门', '0.0000');
INSERT INTO `userinfo` VALUES ('460d3eda-effc-43a1-8bb4-4b38e84eeb54', '用户0108', '1', '\0', '', null, '', '26893ef6-1de3-4077-a3d4-3b25d1d0389d', null, '部门', '0.0000');
INSERT INTO `userinfo` VALUES ('47043fc9-0b41-4df8-8e82-a61445005cc3', '用户0128', '1', '\0', '', null, '', '26893ef6-1de3-4077-a3d4-3b25d1d0389d', null, '部门', '0.0000');
INSERT INTO `userinfo` VALUES ('47fb9bb4-2669-45a9-b6d5-cbd9f63a2552', '用户0028', '1', '\0', '', null, '', '26893ef6-1de3-4077-a3d4-3b25d1d0389d', null, '部门', '0.0000');
INSERT INTO `userinfo` VALUES ('481a98b9-24d2-47d6-8ff6-38b383ece0f0', '用户0129', '1', '\0', '', null, '', '26893ef6-1de3-4077-a3d4-3b25d1d0389d', null, '部门', '0.0000');
INSERT INTO `userinfo` VALUES ('48e8c189-9aaa-455b-8350-140d3da1fc6e', '用户0113', '1', '\0', '', null, '', '26893ef6-1de3-4077-a3d4-3b25d1d0389d', null, '部门', '0.0000');
INSERT INTO `userinfo` VALUES ('4cb27c26-57b4-47d6-ae54-64d341352525', '用户0121', '1', '\0', '', null, '', '26893ef6-1de3-4077-a3d4-3b25d1d0389d', null, '部门', '0.0000');
INSERT INTO `userinfo` VALUES ('4dc92f59-020b-4545-978e-96ad66f0cc6e', '用户0026', '1', '\0', '', null, '', '26893ef6-1de3-4077-a3d4-3b25d1d0389d', null, '部门', '0.0000');
INSERT INTO `userinfo` VALUES ('4fc426b9-a198-4bce-87a2-a6774f483c4d', '用户0136', '1', '\0', '', null, '', '26893ef6-1de3-4077-a3d4-3b25d1d0389d', null, '部门', '0.0000');
INSERT INTO `userinfo` VALUES ('4fea3d54-5d86-4a50-b66b-327eadc6f70f', '用户0167', '1', '\0', '', null, '', '26893ef6-1de3-4077-a3d4-3b25d1d0389d', null, '部门', '0.0000');
INSERT INTO `userinfo` VALUES ('503f458d-028e-45de-822d-9853b7c4abd1', '用户0173', '1', '\0', '', null, '', '26893ef6-1de3-4077-a3d4-3b25d1d0389d', null, '部门', '0.0000');
INSERT INTO `userinfo` VALUES ('51d01919-6e62-44ff-be86-de58f5db3603', '用户0006', '1', '\0', '', null, '', '26893ef6-1de3-4077-a3d4-3b25d1d0389d', null, '部门', '0.0000');
INSERT INTO `userinfo` VALUES ('524be5e4-95c8-419d-a937-e7a196f2b92a', '用户0008', '1', '\0', '', null, '', '26893ef6-1de3-4077-a3d4-3b25d1d0389d', null, '部门', '0.0000');
INSERT INTO `userinfo` VALUES ('52b65b36-1bab-417c-8c4d-dbaaf1800756', '用户0047', '1', '\0', '', null, '', '26893ef6-1de3-4077-a3d4-3b25d1d0389d', null, '部门', '0.0000');
INSERT INTO `userinfo` VALUES ('53a31515-6fc5-42b7-8abe-98709a44f407', '用户0194', '1', '\0', '', null, '', '26893ef6-1de3-4077-a3d4-3b25d1d0389d', null, '部门', '0.0000');
INSERT INTO `userinfo` VALUES ('54d284fc-95ae-40f3-9677-ba870afcdd03', '用户0159', '1', '\0', '', null, '', '26893ef6-1de3-4077-a3d4-3b25d1d0389d', null, '部门', '0.0000');
INSERT INTO `userinfo` VALUES ('557e7615-0324-41cc-97ec-283d87b929ec', '用户0016', '1', '\0', '', null, '', '26893ef6-1de3-4077-a3d4-3b25d1d0389d', null, '部门', '0.0000');
INSERT INTO `userinfo` VALUES ('56d033c3-0e8b-48aa-a3b5-5ebbeffa7b54', '用户0033', '1', '\0', '', null, '', '26893ef6-1de3-4077-a3d4-3b25d1d0389d', null, '部门', '0.0000');
INSERT INTO `userinfo` VALUES ('59522ea1-e59a-4462-a17f-67703665acde', '用户0034', '1', '\0', '', null, '', '26893ef6-1de3-4077-a3d4-3b25d1d0389d', null, '部门', '0.0000');
INSERT INTO `userinfo` VALUES ('5a195399-f3ab-4c8a-85db-620e7be0d24d', '用户0165', '1', '\0', '', null, '', '26893ef6-1de3-4077-a3d4-3b25d1d0389d', null, '部门', '0.0000');
INSERT INTO `userinfo` VALUES ('5a76819b-49cf-4770-a611-58c16cba9979', '用户0048', '1', '\0', '', null, '', '26893ef6-1de3-4077-a3d4-3b25d1d0389d', null, '部门', '0.0000');
INSERT INTO `userinfo` VALUES ('5b4efbc7-2861-44ac-8f56-7b58903d6217', '用户0107', '1', '\0', '', null, '', '26893ef6-1de3-4077-a3d4-3b25d1d0389d', null, '部门', '0.0000');
INSERT INTO `userinfo` VALUES ('5e4d35e1-f3d3-4f5f-b9be-13ab3fd62597', '用户0064', '1', '\0', '', null, '', '26893ef6-1de3-4077-a3d4-3b25d1d0389d', null, '部门', '0.0000');
INSERT INTO `userinfo` VALUES ('5e96e3bf-5cfe-4e2b-a6be-084c5808a530', '用户0125', '1', '\0', '', null, '', '26893ef6-1de3-4077-a3d4-3b25d1d0389d', null, '部门', '0.0000');
INSERT INTO `userinfo` VALUES ('5ee1540d-3392-4dfe-8eb3-c85c1cf5f177', '用户0137', '1', '\0', '', null, '', '26893ef6-1de3-4077-a3d4-3b25d1d0389d', null, '部门', '0.0000');
INSERT INTO `userinfo` VALUES ('5fd87453-09af-4642-b0fe-0f0bbcd22457', '用户0069', '1', '\0', '', null, '', '26893ef6-1de3-4077-a3d4-3b25d1d0389d', null, '部门', '0.0000');
INSERT INTO `userinfo` VALUES ('60cc55ee-fe28-4ff6-a893-3ed0eb75d0a3', '用户0191', '1', '\0', '', null, '', '26893ef6-1de3-4077-a3d4-3b25d1d0389d', null, '部门', '0.0000');
INSERT INTO `userinfo` VALUES ('629c4038-c10d-4ad4-aa24-61bd965d93b1', '用户0149', '1', '\0', '', null, '', '26893ef6-1de3-4077-a3d4-3b25d1d0389d', null, '部门', '0.0000');
INSERT INTO `userinfo` VALUES ('63603cff-78e4-43b1-ba5e-efe5eaf81859', '用户0161', '1', '\0', '', null, '', '26893ef6-1de3-4077-a3d4-3b25d1d0389d', null, '部门', '0.0000');
INSERT INTO `userinfo` VALUES ('649912de-962a-4629-b118-65a445db5672', '用户0023', '1', '\0', '', null, '', '26893ef6-1de3-4077-a3d4-3b25d1d0389d', null, '部门', '0.0000');
INSERT INTO `userinfo` VALUES ('66ea95d0-1dd8-4d92-9938-52ff6a0a2bce', '用户0189', '1', '\0', '', null, '', '26893ef6-1de3-4077-a3d4-3b25d1d0389d', null, '部门', '0.0000');
INSERT INTO `userinfo` VALUES ('672b0d36-8086-4cb5-a45d-7cefe3fe19c0', '用户0126', '1', '\0', '', null, '', '26893ef6-1de3-4077-a3d4-3b25d1d0389d', null, '部门', '0.0000');
INSERT INTO `userinfo` VALUES ('6bd8972a-0e5d-4075-8dce-f58c976fdd42', '用户0015', '1', '\0', '', null, '', '26893ef6-1de3-4077-a3d4-3b25d1d0389d', null, '部门', '0.0000');
INSERT INTO `userinfo` VALUES ('6c70316b-da8a-42bd-8563-f54d70f2b874', '用户0058', '1', '\0', '', null, '', '26893ef6-1de3-4077-a3d4-3b25d1d0389d', null, '部门', '0.0000');
INSERT INTO `userinfo` VALUES ('6e582263-c004-41f4-9502-d7a6a709b8bc', '用户0079', '1', '\0', '', null, '', '26893ef6-1de3-4077-a3d4-3b25d1d0389d', null, '部门', '0.0000');
INSERT INTO `userinfo` VALUES ('6fede97e-e96e-4507-8c08-f4d5900c6c5a', '用户0131', '1', '\0', '', null, '', '26893ef6-1de3-4077-a3d4-3b25d1d0389d', null, '部门', '0.0000');
INSERT INTO `userinfo` VALUES ('710cfe8c-af51-4a78-a9e1-761ed78b0b48', '用户0050', '1', '\0', '', null, '', '26893ef6-1de3-4077-a3d4-3b25d1d0389d', null, '部门', '0.0000');
INSERT INTO `userinfo` VALUES ('7126f3b1-b368-471a-9b3e-3fc2b9163b59', '用户0192', '1', '\0', '', null, '', '26893ef6-1de3-4077-a3d4-3b25d1d0389d', null, '部门', '0.0000');
INSERT INTO `userinfo` VALUES ('733c8ea0-f2ae-4a16-99dd-4daf67672916', '用户0078', '1', '\0', '', null, '', '26893ef6-1de3-4077-a3d4-3b25d1d0389d', null, '部门', '0.0000');
INSERT INTO `userinfo` VALUES ('749a2d07-f33d-4fdf-a698-6a9436ceb38f', '用户0132', '1', '\0', '', null, '', '26893ef6-1de3-4077-a3d4-3b25d1d0389d', null, '部门', '0.0000');
INSERT INTO `userinfo` VALUES ('7546da67-1408-4057-a826-6db224c1d424', '用户0093', '1', '\0', '', null, '', '26893ef6-1de3-4077-a3d4-3b25d1d0389d', null, '部门', '0.0000');
INSERT INTO `userinfo` VALUES ('767572ad-ca5a-450e-addc-e44a67096732', '用户0135', '1', '\0', '', null, '', '26893ef6-1de3-4077-a3d4-3b25d1d0389d', null, '部门', '0.0000');
INSERT INTO `userinfo` VALUES ('7917c612-5b36-4d45-a7be-1d930ee98f12', '用户0055', '1', '\0', '', null, '', '26893ef6-1de3-4077-a3d4-3b25d1d0389d', null, '部门', '0.0000');
INSERT INTO `userinfo` VALUES ('79cc3a1c-36f1-4eef-998c-a9d825ea5e18', '用户0070', '1', '\0', '', null, '', '26893ef6-1de3-4077-a3d4-3b25d1d0389d', null, '部门', '0.0000');
INSERT INTO `userinfo` VALUES ('79ff6cd3-59c7-4e30-a3bc-1faa9b710f8e', '用户0143', '1', '\0', '', null, '', '26893ef6-1de3-4077-a3d4-3b25d1d0389d', null, '部门', '0.0000');
INSERT INTO `userinfo` VALUES ('7a9a301a-3867-4b9d-af9d-c1ed360e5f05', '用户0141', '1', '\0', '', null, '', '26893ef6-1de3-4077-a3d4-3b25d1d0389d', null, '部门', '0.0000');
INSERT INTO `userinfo` VALUES ('7bd806a4-d899-4202-bf10-b2fc20d06145', '用户0185', '1', '\0', '', null, '', '26893ef6-1de3-4077-a3d4-3b25d1d0389d', null, '部门', '0.0000');
INSERT INTO `userinfo` VALUES ('7beac24e-a7ce-4e9e-ae89-e46a8c5c7563', '用户0075', '1', '\0', '', null, '', '26893ef6-1de3-4077-a3d4-3b25d1d0389d', null, '部门', '0.0000');
INSERT INTO `userinfo` VALUES ('7d5ce2d5-c3eb-475a-9eaf-5084496bc5c2', '用户0103', '1', '\0', '', null, '', '26893ef6-1de3-4077-a3d4-3b25d1d0389d', null, '部门', '0.0000');
INSERT INTO `userinfo` VALUES ('7f7645c8-81f3-4d6b-a998-67ab17f17457', '用户0101', '1', '\0', '', null, '', '26893ef6-1de3-4077-a3d4-3b25d1d0389d', null, '部门', '0.0000');
INSERT INTO `userinfo` VALUES ('7fdb4724-6fee-4b13-9e98-610fa6965e01', '用户0176', '1', '\0', '', null, '', '26893ef6-1de3-4077-a3d4-3b25d1d0389d', null, '部门', '0.0000');
INSERT INTO `userinfo` VALUES ('801a72a5-5914-4994-94e2-35ef6476ebe1', '用户0060', '1', '\0', '', null, '', '26893ef6-1de3-4077-a3d4-3b25d1d0389d', null, '部门', '0.0000');
INSERT INTO `userinfo` VALUES ('803dd5ad-f5ec-4179-a8e0-0365ee8a648a', '用户0085', '1', '\0', '', null, '', '26893ef6-1de3-4077-a3d4-3b25d1d0389d', null, '部门', '0.0000');
INSERT INTO `userinfo` VALUES ('81ed8c37-d273-47db-bedf-a43188c909dc', '用户0195', '1', '\0', '', null, '', '26893ef6-1de3-4077-a3d4-3b25d1d0389d', null, '部门', '0.0000');
INSERT INTO `userinfo` VALUES ('8342b574-d099-479e-9243-846ab3d62d48', '用户0061', '1', '\0', '', null, '', '26893ef6-1de3-4077-a3d4-3b25d1d0389d', null, '部门', '0.0000');
INSERT INTO `userinfo` VALUES ('8633f64d-d104-4edb-b1ea-2fa30cde82ce', '用户0138', '1', '\0', '', null, '', '26893ef6-1de3-4077-a3d4-3b25d1d0389d', null, '部门', '0.0000');
INSERT INTO `userinfo` VALUES ('872d4897-91e4-44bf-bf0d-a8b9e2abc629', '用户0088', '1', '\0', '', null, '', '26893ef6-1de3-4077-a3d4-3b25d1d0389d', null, '部门', '0.0000');
INSERT INTO `userinfo` VALUES ('8acca5b6-50ea-47f7-a3c4-6d222f4f5e28', '用户0082', '1', '\0', '', null, '', '26893ef6-1de3-4077-a3d4-3b25d1d0389d', null, '部门', '0.0000');
INSERT INTO `userinfo` VALUES ('8bff050f-f4d4-46a3-97c6-dcbef305e66d', '用户0037', '1', '\0', '', null, '', '26893ef6-1de3-4077-a3d4-3b25d1d0389d', null, '部门', '0.0000');
INSERT INTO `userinfo` VALUES ('8e37bae1-be98-4836-aa8c-23e956bbf535', '用户0049', '1', '\0', '', null, '', '26893ef6-1de3-4077-a3d4-3b25d1d0389d', null, '部门', '0.0000');
INSERT INTO `userinfo` VALUES ('8f41ffc4-1309-49b5-9c16-d1e62058e162', '用户0179', '1', '\0', '', null, '', '26893ef6-1de3-4077-a3d4-3b25d1d0389d', null, '部门', '0.0000');
INSERT INTO `userinfo` VALUES ('9068a152-6be2-45b4-959e-bea7dd2a2f57', '用户0081', '1', '\0', '', null, '', '26893ef6-1de3-4077-a3d4-3b25d1d0389d', null, '部门', '0.0000');
INSERT INTO `userinfo` VALUES ('95e670c9-339e-4e4c-962a-dd0cbaf85b84', '用户0071', '1', '\0', '', null, '', '26893ef6-1de3-4077-a3d4-3b25d1d0389d', null, '部门', '0.0000');
INSERT INTO `userinfo` VALUES ('966f8fef-946c-407e-aa51-b431d9707289', '用户0024', '1', '\0', '', null, '', '26893ef6-1de3-4077-a3d4-3b25d1d0389d', null, '部门', '0.0000');
INSERT INTO `userinfo` VALUES ('971e7781-0481-45c2-b0bd-7f197fe844b2', '用户0155', '1', '\0', '', null, '', '26893ef6-1de3-4077-a3d4-3b25d1d0389d', null, '部门', '0.0000');
INSERT INTO `userinfo` VALUES ('99d8d003-bd68-4b5f-bd1c-b4c9e567ce78', '用户0154', '1', '\0', '', null, '', '26893ef6-1de3-4077-a3d4-3b25d1d0389d', null, '部门', '0.0000');
INSERT INTO `userinfo` VALUES ('9b0e536a-aa33-49c0-b44f-0d5a02b8dd96', '用户0041', '1', '\0', '', null, '', '26893ef6-1de3-4077-a3d4-3b25d1d0389d', null, '部门', '0.0000');
INSERT INTO `userinfo` VALUES ('9fc6ec70-6082-4bb0-87ba-1ddebd8e97e4', '用户0031', '1', '\0', '', null, '', '26893ef6-1de3-4077-a3d4-3b25d1d0389d', null, '部门', '0.0000');
INSERT INTO `userinfo` VALUES ('a2e1961a-44fb-4caf-9aa5-85728216c6c3', '用户0183', '1', '\0', '', null, '', '26893ef6-1de3-4077-a3d4-3b25d1d0389d', null, '部门', '0.0000');
INSERT INTO `userinfo` VALUES ('a4250bf2-b118-4dfc-bb09-0a273ae95b19', '用户0116', '1', '\0', '', null, '', '26893ef6-1de3-4077-a3d4-3b25d1d0389d', null, '部门', '0.0000');
INSERT INTO `userinfo` VALUES ('a5929a75-1f80-4390-98d9-bd48f2882d98', '用户0067', '1', '\0', '', null, '', '26893ef6-1de3-4077-a3d4-3b25d1d0389d', null, '部门', '0.0000');
INSERT INTO `userinfo` VALUES ('a5ba3e0e-4a1f-4290-b5a5-59086339bb7d', '用户0164', '1', '\0', '', null, '', '26893ef6-1de3-4077-a3d4-3b25d1d0389d', null, '部门', '0.0000');
INSERT INTO `userinfo` VALUES ('a6804e66-554d-476c-9d82-9f99130f2c83', '用户0010', '1', '\0', '', null, '', '26893ef6-1de3-4077-a3d4-3b25d1d0389d', null, '部门', '0.0000');
INSERT INTO `userinfo` VALUES ('a6a4a483-0a79-424f-9ba1-8506acf29505', '用户0007', '1', '\0', '', null, '', '26893ef6-1de3-4077-a3d4-3b25d1d0389d', null, '部门', '0.0000');
INSERT INTO `userinfo` VALUES ('a78cef55-10f1-4553-a56c-b52b8d1ec4c2', '用户0111', '1', '\0', '', null, '', '26893ef6-1de3-4077-a3d4-3b25d1d0389d', null, '部门', '0.0000');
INSERT INTO `userinfo` VALUES ('a7f93adf-5533-46ac-9ad7-93fe1b695995', '用户0013', '1', '\0', '', null, '', '26893ef6-1de3-4077-a3d4-3b25d1d0389d', null, '部门', '0.0000');
INSERT INTO `userinfo` VALUES ('b34efafd-2a6b-468b-bfb3-a39a65127f00', '用户0190', '1', '\0', '', null, '', '26893ef6-1de3-4077-a3d4-3b25d1d0389d', null, '部门', '0.0000');
INSERT INTO `userinfo` VALUES ('b38a71e0-0fd5-4ded-a163-2125f438c9ec', '用户0186', '1', '\0', '', null, '', '26893ef6-1de3-4077-a3d4-3b25d1d0389d', null, '部门', '0.0000');
INSERT INTO `userinfo` VALUES ('b3d62f84-11cf-4143-9ec7-02ea13cea9bd', '用户0073', '1', '\0', '', null, '', '26893ef6-1de3-4077-a3d4-3b25d1d0389d', null, '部门', '0.0000');
INSERT INTO `userinfo` VALUES ('b53791d3-beb1-48ef-a33c-9b6cd819c502', '用户0046', '1', '\0', '', null, '', '26893ef6-1de3-4077-a3d4-3b25d1d0389d', null, '部门', '0.0000');
INSERT INTO `userinfo` VALUES ('b69bea5a-1067-40fa-b540-5c72bf07995d', '用户0147', '1', '\0', '', null, '', '26893ef6-1de3-4077-a3d4-3b25d1d0389d', null, '部门', '0.0000');
INSERT INTO `userinfo` VALUES ('b6e26d17-f9f9-4a01-8c6e-1d95c78d176a', '用户0021', '1', '\0', '', null, '', '26893ef6-1de3-4077-a3d4-3b25d1d0389d', null, '部门', '0.0000');
INSERT INTO `userinfo` VALUES ('b7198835-84f4-4063-9dd9-9a0a357c6b3e', '用户0044', '1', '\0', '', null, '', '26893ef6-1de3-4077-a3d4-3b25d1d0389d', null, '部门', '0.0000');
INSERT INTO `userinfo` VALUES ('b7beeb60-ea7c-4644-ace4-55d6455ce894', '用户0027', '1', '\0', '', null, '', '26893ef6-1de3-4077-a3d4-3b25d1d0389d', null, '部门', '0.0000');
INSERT INTO `userinfo` VALUES ('b7caed32-25a2-454d-9fc4-c4bd9ea6d22d', '用户0045', '1', '\0', '', null, '', '26893ef6-1de3-4077-a3d4-3b25d1d0389d', null, '部门', '0.0000');
INSERT INTO `userinfo` VALUES ('b7f17e89-a525-43ab-ad51-6af150a48464', '用户0089', '1', '\0', '', null, '', '26893ef6-1de3-4077-a3d4-3b25d1d0389d', null, '部门', '0.0000');
INSERT INTO `userinfo` VALUES ('ba8ed7c0-4a65-4a12-9d07-4244725722b8', '用户0084', '1', '\0', '', null, '', '26893ef6-1de3-4077-a3d4-3b25d1d0389d', null, '部门', '0.0000');
INSERT INTO `userinfo` VALUES ('bb28cad2-a5b4-46b9-a7f0-581f22489521', '用户0040', '1', '\0', '', null, '', '26893ef6-1de3-4077-a3d4-3b25d1d0389d', null, '部门', '0.0000');
INSERT INTO `userinfo` VALUES ('bff5ffc1-9177-4873-bcca-69d79674c2de', '用户0156', '1', '\0', '', null, '', '26893ef6-1de3-4077-a3d4-3b25d1d0389d', null, '部门', '0.0000');
INSERT INTO `userinfo` VALUES ('c06342f0-0057-43e4-af19-3b9ee2a18255', '用户0114', '1', '\0', '', null, '', '26893ef6-1de3-4077-a3d4-3b25d1d0389d', null, '部门', '0.0000');
INSERT INTO `userinfo` VALUES ('c13317d8-f0f0-4319-a2e7-16488ac9fcc0', '用户0029', '1', '\0', '', null, '', '26893ef6-1de3-4077-a3d4-3b25d1d0389d', null, '部门', '0.0000');
INSERT INTO `userinfo` VALUES ('c189ceb9-7e9f-4505-9210-dd9f5be88b9c', '用户0115', '1', '\0', '', null, '', '26893ef6-1de3-4077-a3d4-3b25d1d0389d', null, '部门', '0.0000');
INSERT INTO `userinfo` VALUES ('c1cb7f6c-7a92-44cd-b83b-cd3c2ace42e9', '用户0011', '1', '\0', '', null, '', '26893ef6-1de3-4077-a3d4-3b25d1d0389d', null, '部门', '0.0000');
INSERT INTO `userinfo` VALUES ('c5a760b4-f172-46e2-927a-d17b77bbb210', '用户0177', '1', '\0', '', null, '', '26893ef6-1de3-4077-a3d4-3b25d1d0389d', null, '部门', '0.0000');
INSERT INTO `userinfo` VALUES ('c63a67a3-49dd-469c-b1cd-9ce6ca1dcfbe', '用户0118', '1', '\0', '', null, '', '26893ef6-1de3-4077-a3d4-3b25d1d0389d', null, '部门', '0.0000');
INSERT INTO `userinfo` VALUES ('c7b4793c-a8f9-40ac-bf5f-5c2d3a61043c', '用户0100', '1', '\0', '', null, '', '26893ef6-1de3-4077-a3d4-3b25d1d0389d', null, '部门', '0.0000');
INSERT INTO `userinfo` VALUES ('c9f5d00f-aab4-43f6-823a-238ba7ff6e49', '用户0072', '1', '\0', '', null, '', '26893ef6-1de3-4077-a3d4-3b25d1d0389d', null, '部门', '0.0000');
INSERT INTO `userinfo` VALUES ('ca3c0441-a90b-4cd6-842b-a5cc508e5ab5', '用户0169', '1', '\0', '', null, '', '26893ef6-1de3-4077-a3d4-3b25d1d0389d', null, '部门', '0.0000');
INSERT INTO `userinfo` VALUES ('cbd0d895-3b4e-4e66-8e4b-aef4016c196f', '用户0133', '1', '\0', '', null, '', '26893ef6-1de3-4077-a3d4-3b25d1d0389d', null, '部门', '0.0000');
INSERT INTO `userinfo` VALUES ('cf57b28f-e06a-4415-97f4-174ddd6188fd', '用户0122', '1', '\0', '', null, '', '26893ef6-1de3-4077-a3d4-3b25d1d0389d', null, '部门', '0.0000');
INSERT INTO `userinfo` VALUES ('d0e5adae-1ba0-4301-850e-1262f03557f5', '用户0175', '1', '\0', '', null, '', '26893ef6-1de3-4077-a3d4-3b25d1d0389d', null, '部门', '0.0000');
INSERT INTO `userinfo` VALUES ('d0f97384-71d6-47e5-9760-4843c4dabb49', '用户0001', '1', '\0', '18971260000', null, '用户备注信息', '26893ef6-1de3-4077-a3d4-3b25d1d0389d', null, '部门', '0.0000');
INSERT INTO `userinfo` VALUES ('d132c5c1-de88-4feb-8679-a82555fac949', '用户0151', '1', '\0', '', null, '', '26893ef6-1de3-4077-a3d4-3b25d1d0389d', null, '部门', '0.0000');
INSERT INTO `userinfo` VALUES ('d3c3c946-c858-4136-bff2-519fa3bdda01', '用户0142', '1', '\0', '', null, '', '26893ef6-1de3-4077-a3d4-3b25d1d0389d', null, '部门', '0.0000');
INSERT INTO `userinfo` VALUES ('d65193ac-8c5a-4165-8b8a-98bf5969b3e6', '用户0022', '1', '\0', '', null, '', '26893ef6-1de3-4077-a3d4-3b25d1d0389d', null, '部门', '0.0000');
INSERT INTO `userinfo` VALUES ('d7880b22-69d5-4ad5-8995-f29186209d27', '用户0102', '1', '\0', '', null, '', '26893ef6-1de3-4077-a3d4-3b25d1d0389d', null, '部门', '0.0000');
INSERT INTO `userinfo` VALUES ('d7dc4d06-5e8e-471b-aec8-88e626232db7', '用户0035', '1', '\0', '', null, '', '26893ef6-1de3-4077-a3d4-3b25d1d0389d', null, '部门', '0.0000');
INSERT INTO `userinfo` VALUES ('db6988b0-e182-4008-a01b-2be4ff38b3f3', '用户0182', '1', '\0', '', null, '', '26893ef6-1de3-4077-a3d4-3b25d1d0389d', null, '部门', '0.0000');
INSERT INTO `userinfo` VALUES ('e1d976f2-c85b-42d1-a3ed-d60af140cf2c', '用户0171', '1', '\0', '', null, '', '26893ef6-1de3-4077-a3d4-3b25d1d0389d', null, '部门', '0.0000');
INSERT INTO `userinfo` VALUES ('e23641a0-d9b5-451e-8f63-ec5bd5f0b1d0', '用户0144', '1', '\0', '', null, '', '26893ef6-1de3-4077-a3d4-3b25d1d0389d', null, '部门', '0.0000');
INSERT INTO `userinfo` VALUES ('e2830b5a-fdf3-4bef-b88c-31c821c6f27a', '用户0059', '1', '\0', '', null, '', '26893ef6-1de3-4077-a3d4-3b25d1d0389d', null, '部门', '0.0000');
INSERT INTO `userinfo` VALUES ('e313b0f4-a044-4068-a38b-54d9f4cee51b', '用户0174', '1', '\0', '', null, '', '26893ef6-1de3-4077-a3d4-3b25d1d0389d', null, '部门', '0.0000');
INSERT INTO `userinfo` VALUES ('e37af0e5-fc68-4510-ad78-136bcc1c0902', '用户0017', '1', '\0', '', null, '', '26893ef6-1de3-4077-a3d4-3b25d1d0389d', null, '部门', '0.0000');
INSERT INTO `userinfo` VALUES ('e3df95a4-e3a9-4718-b923-9e443dba02f0', '用户0134', '1', '\0', '', null, '', '26893ef6-1de3-4077-a3d4-3b25d1d0389d', null, '部门', '0.0000');
INSERT INTO `userinfo` VALUES ('e4affabc-5b4f-4167-aa4e-e78c6e00ff68', '用户0062', '1', '\0', '', null, '', '26893ef6-1de3-4077-a3d4-3b25d1d0389d', null, '部门', '0.0000');
INSERT INTO `userinfo` VALUES ('e4d19fb4-606a-4150-8cd4-8f4c905bab03', '用户0043', '1', '\0', '', null, '', '26893ef6-1de3-4077-a3d4-3b25d1d0389d', null, '部门', '0.0000');
INSERT INTO `userinfo` VALUES ('e4d35f63-e380-48d6-9b53-6864245fef2b', '用户0127', '1', '\0', '', null, '', '26893ef6-1de3-4077-a3d4-3b25d1d0389d', null, '部门', '0.0000');
INSERT INTO `userinfo` VALUES ('e57ccae3-4a1e-48a0-a7e7-c53fcbf47465', '用户0074', '1', '\0', '', null, '', '26893ef6-1de3-4077-a3d4-3b25d1d0389d', null, '部门', '0.0000');
INSERT INTO `userinfo` VALUES ('e591b23c-7c21-4dba-b76b-1c4c59a61d16', '用户0065', '1', '\0', '', null, '', '26893ef6-1de3-4077-a3d4-3b25d1d0389d', null, '部门', '0.0000');
INSERT INTO `userinfo` VALUES ('e65580fc-a1c6-4f21-9b7f-cbf654cb9d76', '用户0004', '1', '\0', '', null, '', '26893ef6-1de3-4077-a3d4-3b25d1d0389d', null, '部门', '0.0000');
INSERT INTO `userinfo` VALUES ('e67ce628-d701-4617-a341-a772d2c9a5cf', '用户0052', '1', '\0', '', null, '', '26893ef6-1de3-4077-a3d4-3b25d1d0389d', null, '部门', '0.0000');
INSERT INTO `userinfo` VALUES ('e9e3f85e-712e-4e9b-8921-2e75d562cf3d', '用户0076', '1', '\0', '', null, '', '26893ef6-1de3-4077-a3d4-3b25d1d0389d', null, '部门', '0.0000');
INSERT INTO `userinfo` VALUES ('ebd98875-756c-418b-8ebe-4fd93e831772', '用户0018', '1', '\0', '', null, '', '26893ef6-1de3-4077-a3d4-3b25d1d0389d', null, '部门', '0.0000');
INSERT INTO `userinfo` VALUES ('ec5f6d87-32ab-4363-b9c2-55cf0d9e2d5c', '用户0086', '1', '\0', '', null, '', '26893ef6-1de3-4077-a3d4-3b25d1d0389d', null, '部门', '0.0000');
INSERT INTO `userinfo` VALUES ('ed3470e2-705f-4e23-9d12-217fc90d605c', '用户0036', '1', '\0', '', null, '', '26893ef6-1de3-4077-a3d4-3b25d1d0389d', null, '部门', '0.0000');
INSERT INTO `userinfo` VALUES ('ed960f15-4162-45c3-b511-79bddec25d8a', '用户0130', '1', '\0', '', null, '', '26893ef6-1de3-4077-a3d4-3b25d1d0389d', null, '部门', '0.0000');
INSERT INTO `userinfo` VALUES ('eecb4121-a5e3-4faf-a87d-721693eaa14c', '用户0087', '1', '\0', '', null, '', '26893ef6-1de3-4077-a3d4-3b25d1d0389d', null, '部门', '0.0000');
INSERT INTO `userinfo` VALUES ('eee3e028-fabb-4a0a-aeae-2f22dbde59f3', '用户0020', '1', '\0', '', null, '', '26893ef6-1de3-4077-a3d4-3b25d1d0389d', null, '部门', '0.0000');
INSERT INTO `userinfo` VALUES ('ef9b81b9-ff4e-468d-84d4-1d96dddee072', '用户0139', '1', '\0', '', null, '', '26893ef6-1de3-4077-a3d4-3b25d1d0389d', null, '部门', '0.0000');
INSERT INTO `userinfo` VALUES ('f0928fd0-d99f-4d85-8836-efb39654d0ea', '用户0092', '1', '\0', '', null, '', '26893ef6-1de3-4077-a3d4-3b25d1d0389d', null, '部门', '0.0000');
INSERT INTO `userinfo` VALUES ('f0c6d90c-e1ab-4465-bdd6-e35f28e03467', '用户0105', '1', '\0', '', null, '', '26893ef6-1de3-4077-a3d4-3b25d1d0389d', null, '部门', '0.0000');
INSERT INTO `userinfo` VALUES ('f1f19383-44d4-47c3-b2f9-eb2fd28b8e85', '用户0039', '1', '\0', '', null, '', '26893ef6-1de3-4077-a3d4-3b25d1d0389d', null, '部门', '0.0000');
INSERT INTO `userinfo` VALUES ('f2467e35-f95e-4b25-9225-a81647a45d97', '用户0163', '1', '\0', '', null, '', '26893ef6-1de3-4077-a3d4-3b25d1d0389d', null, '部门', '0.0000');
INSERT INTO `userinfo` VALUES ('f30502d4-6019-4abf-baa8-f077330743c8', '用户0170', '1', '\0', '', null, '', '26893ef6-1de3-4077-a3d4-3b25d1d0389d', null, '部门', '0.0000');
INSERT INTO `userinfo` VALUES ('f362a69e-d503-4bf0-8c3a-9ae01a5bfbc6', '用户0012', '1', '\0', '', null, '', '26893ef6-1de3-4077-a3d4-3b25d1d0389d', null, '部门', '0.0000');
INSERT INTO `userinfo` VALUES ('f3641af4-9475-4872-ad45-0ba6bbe3e3b7', '用户0188', '1', '\0', '', null, '', '26893ef6-1de3-4077-a3d4-3b25d1d0389d', null, '部门', '0.0000');
INSERT INTO `userinfo` VALUES ('f436ab2e-dd81-4dba-bc33-d71ec8ac7de2', '用户0090', '1', '\0', '', null, '', '26893ef6-1de3-4077-a3d4-3b25d1d0389d', null, '部门', '0.0000');
INSERT INTO `userinfo` VALUES ('f475e1b9-0b19-4890-bc0a-9c62368431d5', '用户0193', '1', '\0', '', null, '', '26893ef6-1de3-4077-a3d4-3b25d1d0389d', null, '部门', '0.0000');
INSERT INTO `userinfo` VALUES ('f65ba5e2-5ee1-4229-aac1-d926c112f901', '用户0162', '1', '\0', '', null, '', '26893ef6-1de3-4077-a3d4-3b25d1d0389d', null, '部门', '0.0000');
INSERT INTO `userinfo` VALUES ('f68a76ae-46e0-4b48-ac02-87612b57e7c9', '用户0042', '1', '\0', '', null, '', '26893ef6-1de3-4077-a3d4-3b25d1d0389d', null, '部门', '0.0000');
INSERT INTO `userinfo` VALUES ('f6e2b5c6-59e0-4da1-8d39-e23bd3312583', '用户0187', '1', '\0', '', null, '', '26893ef6-1de3-4077-a3d4-3b25d1d0389d', null, '部门', '0.0000');
INSERT INTO `userinfo` VALUES ('f85c6dfe-8954-4b7d-abcf-ba40d353d45e', '用户0157', '1', '\0', '', null, '', '26893ef6-1de3-4077-a3d4-3b25d1d0389d', null, '部门', '0.0000');
INSERT INTO `userinfo` VALUES ('f8d08d1d-ea42-48cf-9ef6-72f3465859b8', '用户0110', '1', '\0', '', null, '', '26893ef6-1de3-4077-a3d4-3b25d1d0389d', null, '部门', '0.0000');
INSERT INTO `userinfo` VALUES ('fb48e4dc-ff16-46d6-98be-584b0e0a05a5', '用户0030', '1', '\0', '', null, '', '26893ef6-1de3-4077-a3d4-3b25d1d0389d', null, '部门', '0.0000');
INSERT INTO `userinfo` VALUES ('fb827673-9673-4b69-8993-8338d8564027', '用户0096', '1', '\0', '', null, '', '26893ef6-1de3-4077-a3d4-3b25d1d0389d', null, '部门', '0.0000');
INSERT INTO `userinfo` VALUES ('ff62188f-da7a-4e7e-bd35-fafdefc9811e', '用户0094', '1', '\0', '', null, '', '26893ef6-1de3-4077-a3d4-3b25d1d0389d', null, '部门', '0.0000');


-- ----------------------------
-- Records of vehicleinfo
-- ----------------------------
INSERT INTO `vehicleinfo` VALUES ('02810e94-5002-4d80-bd60-1619b9e28a01', '鄂M53D18', '用户0011', 'c1cb7f6c-7a92-44cd-b83b-cd3c2ace42e9', '', '00000000-0000-0000-0000-000000000000', '月租车', '2017-09-21 11:26:46', '2017-01-11 23:59:59', '0', '正常', 1, '31', '', '00000000-0000-0000-0000-000000000000', '', '\0', null, null, null, null, '', '00000000-0000-0000-0000-000000000000', null);
INSERT INTO `vehicleinfo` VALUES ('0530fe6c-05aa-40bb-a462-09a5788f22c3', '鄂M56B66', '用户0113', '48e8c189-9aaa-455b-8350-140d3da1fc6e', '', '00000000-0000-0000-0000-000000000000', '月租车', '2017-09-21 11:26:50', '2017-12-23 23:59:59', '0', '正常', 1, '31', '', '00000000-0000-0000-0000-000000000000', '', '\0', null, null, null, null, '', '00000000-0000-0000-0000-000000000000', null);
INSERT INTO `vehicleinfo` VALUES ('05c3d569-1db9-491b-866b-0077bf61ca4b', '鄂M00D98', '用户0103', '7d5ce2d5-c3eb-475a-9eaf-5084496bc5c2', '', '00000000-0000-0000-0000-000000000000', '月租车', '2017-09-21 11:26:50', '2017-04-13 23:59:59', '0', '正常', 1, '31', '', '00000000-0000-0000-0000-000000000000', '', '\0', null, null, null, null, '', '00000000-0000-0000-0000-000000000000', null);
INSERT INTO `vehicleinfo` VALUES ('068d8f17-913e-457a-b288-6a7f9a5099a7', '鄂K8A207', '用户0069', '5fd87453-09af-4642-b0fe-0f0bbcd22457', '', '00000000-0000-0000-0000-000000000000', '月租车', '2017-09-21 11:26:49', '2017-05-08 23:59:59', '0', '正常', 1, '31', '', '00000000-0000-0000-0000-000000000000', '', '\0', null, null, null, null, '', '00000000-0000-0000-0000-000000000000', null);
INSERT INTO `vehicleinfo` VALUES ('06b4c727-70d6-495b-914f-de7a2b52c439', '鄂M40055', '用户0153', '263faff8-7434-43c3-b163-31d5296743e3', '', '00000000-0000-0000-0000-000000000000', '月租车', '2017-09-21 11:26:52', '2018-06-02 23:59:59', '0', '正常', 1, '31', '', '00000000-0000-0000-0000-000000000000', '', '\0', null, null, null, null, '', '00000000-0000-0000-0000-000000000000', null);
INSERT INTO `vehicleinfo` VALUES ('09c3aa6c-3a48-4202-9881-04c09244cdd5', '鄂M9106B', '用户0096', 'fb827673-9673-4b69-8993-8338d8564027', '', '00000000-0000-0000-0000-000000000000', '月租车', '2017-09-21 11:26:50', '2017-04-06 23:59:59', '0', '正常', 1, '31', '', '00000000-0000-0000-0000-000000000000', '', '\0', null, null, null, null, '', '00000000-0000-0000-0000-000000000000', null);
INSERT INTO `vehicleinfo` VALUES ('0ae2e59e-3bf9-4b37-8307-c2446e85468a', '鄂MF1911', '用户0012', 'f362a69e-d503-4bf0-8c3a-9ae01a5bfbc6', '', '00000000-0000-0000-0000-000000000000', '月租车', '2017-09-21 11:26:46', '2017-01-12 23:59:59', '0', '正常', 1, '31', '', '00000000-0000-0000-0000-000000000000', '', '\0', null, null, null, null, '', '00000000-0000-0000-0000-000000000000', null);
INSERT INTO `vehicleinfo` VALUES ('0bdbca0a-285b-4766-b098-9c5ce4c5ed4b', '鄂AJ7M39', '用户0100', 'c7b4793c-a8f9-40ac-bf5f-5c2d3a61043c', '', '00000000-0000-0000-0000-000000000000', '月租车', '2017-09-21 11:26:50', '2017-04-10 23:59:59', '0', '正常', 1, '31', '', '00000000-0000-0000-0000-000000000000', '', '\0', null, null, null, null, '', '00000000-0000-0000-0000-000000000000', null);
INSERT INTO `vehicleinfo` VALUES ('0c0c7362-07ab-430e-988a-4c658d889859', '鄂A2Y49Q', '用户0019', '356d504c-f8bb-43f6-a9e6-2d5b0f7aa8ce', '', '00000000-0000-0000-0000-000000000000', '月租车', '2017-09-21 11:26:46', '2017-03-19 23:59:59', '0', '正常', 1, '31', '', '00000000-0000-0000-0000-000000000000', '', '\0', null, null, null, null, '', '00000000-0000-0000-0000-000000000000', null);
INSERT INTO `vehicleinfo` VALUES ('0c22c898-5ccb-4304-8100-7660016e248d', '鄂M71B61', '用户0114', 'c06342f0-0057-43e4-af19-3b9ee2a18255', '', '00000000-0000-0000-0000-000000000000', '月租车', '2017-09-21 11:26:50', '2017-12-24 23:59:59', '0', '正常', 1, '31', '', '00000000-0000-0000-0000-000000000000', '', '\0', null, null, null, null, '', '00000000-0000-0000-0000-000000000000', null);
INSERT INTO `vehicleinfo` VALUES ('0c4af82d-7712-41a9-ae74-a2dfd0021e76', '鄂M68587', '用户0195', '81ed8c37-d273-47db-bedf-a43188c909dc', '', '00000000-0000-0000-0000-000000000000', '月租车', '2017-09-21 11:26:54', '2019-07-14 23:59:59', '0', '正常', 1, '31', '', '00000000-0000-0000-0000-000000000000', '', '\0', null, null, null, null, '', '00000000-0000-0000-0000-000000000000', null);
INSERT INTO `vehicleinfo` VALUES ('0d850497-1cdb-43fd-b596-f432154541ca', '鄂M33D73', '用户0070', '79cc3a1c-36f1-4eef-998c-a9d825ea5e18', '', '00000000-0000-0000-0000-000000000000', '月租车', '2017-09-21 11:26:49', '2017-03-11 23:59:59', '0', '正常', 1, '31', '', '00000000-0000-0000-0000-000000000000', '', '\0', null, null, null, null, '', '00000000-0000-0000-0000-000000000000', null);
INSERT INTO `vehicleinfo` VALUES ('0eb2be62-404c-416b-a868-9baf2084b9bd', '鄂A3L470', '用户0175', 'd0e5adae-1ba0-4301-850e-1262f03557f5', '', '00000000-0000-0000-0000-000000000000', '月租车', '2017-09-21 11:26:53', '2019-06-24 23:59:59', '0', '正常', 1, '31', '', '00000000-0000-0000-0000-000000000000', '', '\0', null, null, null, null, '', '00000000-0000-0000-0000-000000000000', null);
INSERT INTO `vehicleinfo` VALUES ('0fdd9e1b-118e-4dec-961a-0121ed198e6d', '鄂M67A77', '用户0138', '8633f64d-d104-4edb-b1ea-2fa30cde82ce', '', '00000000-0000-0000-0000-000000000000', '月租车', '2017-09-21 11:26:51', '2018-05-18 23:59:59', '0', '正常', 1, '31', '', '00000000-0000-0000-0000-000000000000', '', '\0', null, null, null, null, '', '00000000-0000-0000-0000-000000000000', null);
INSERT INTO `vehicleinfo` VALUES ('116b113a-5fad-4a6e-baf8-6c8d5713ca01', '鄂M33D18', '用户0050', '710cfe8c-af51-4a78-a9e1-761ed78b0b48', '', '00000000-0000-0000-0000-000000000000', '月租车', '2017-09-21 11:26:48', '2017-04-19 23:59:59', '0', '正常', 1, '31', '', '00000000-0000-0000-0000-000000000000', '', '\0', null, null, null, null, '', '00000000-0000-0000-0000-000000000000', null);
INSERT INTO `vehicleinfo` VALUES ('118ba4f8-0677-41b5-9f64-9f912a9af946', '鄂A37D66', '用户0001', 'd0f97384-71d6-47e5-9760-4843c4dabb49', '', '00000000-0000-0000-0000-000000000000', '月租车', '2017-09-21 11:26:45', '2017-01-01 23:59:59', '0', '正常', 1, '31', '', '00000000-0000-0000-0000-000000000000', '车辆备注信息', '\0', null, null, null, null, '', '00000000-0000-0000-0000-000000000000', null);
INSERT INTO `vehicleinfo` VALUES ('11df81db-5f80-477e-872c-37bdf764e466', '鄂A3H1F1', '用户0110', 'f8d08d1d-ea42-48cf-9ef6-72f3465859b8', '', '00000000-0000-0000-0000-000000000000', '月租车', '2017-09-21 11:26:50', '2017-12-20 23:59:59', '0', '正常', 1, '31', '', '00000000-0000-0000-0000-000000000000', '', '\0', null, null, null, null, '', '00000000-0000-0000-0000-000000000000', null);
INSERT INTO `vehicleinfo` VALUES ('12862b7d-b49b-4dff-ad8f-bcc22324abe9', '鄂M98B16', '用户0007', 'a6a4a483-0a79-424f-9ba1-8506acf29505', '', '00000000-0000-0000-0000-000000000000', '月租车', '2017-09-21 11:26:46', '2017-01-07 23:59:59', '0', '正常', 1, '31', '', '00000000-0000-0000-0000-000000000000', '', '\0', null, null, null, null, '', '00000000-0000-0000-0000-000000000000', null);
INSERT INTO `vehicleinfo` VALUES ('131fca7a-4ad0-4034-b4a4-60926119d82e', '鄂M78B03', '用户0014', '3526c996-c398-4104-a9de-d499efb5ceb4', '', '00000000-0000-0000-0000-000000000000', '月租车', '2017-09-21 11:26:46', '2017-03-14 23:59:59', '0', '正常', 1, '31', '', '00000000-0000-0000-0000-000000000000', '', '\0', null, null, null, null, '', '00000000-0000-0000-0000-000000000000', null);
INSERT INTO `vehicleinfo` VALUES ('159bd3d3-576f-4e8d-bcc6-0d6be674b3fd', '鄂M72C27', '用户0028', '47fb9bb4-2669-45a9-b6d5-cbd9f63a2552', '', '00000000-0000-0000-0000-000000000000', '月租车', '2017-09-21 11:26:47', '2017-03-28 23:59:59', '0', '正常', 1, '31', '', '00000000-0000-0000-0000-000000000000', '', '\0', null, null, null, null, '', '00000000-0000-0000-0000-000000000000', null);
INSERT INTO `vehicleinfo` VALUES ('1690da79-897d-41db-affd-9901bd6c3d4c', '鄂M33D39', '用户0082', '8acca5b6-50ea-47f7-a3c4-6d222f4f5e28', '', '00000000-0000-0000-0000-000000000000', '月租车', '2017-09-21 11:26:49', '2017-03-23 23:59:59', '0', '正常', 1, '31', '', '00000000-0000-0000-0000-000000000000', '', '\0', null, null, null, null, '', '00000000-0000-0000-0000-000000000000', null);
INSERT INTO `vehicleinfo` VALUES ('19715662-78f0-4013-a01f-11bc61c903a9', '鄂MU074N', '用户0009', '24feaa6e-5789-433d-aaa0-f0f79011050c', '', '00000000-0000-0000-0000-000000000000', '月租车', '2017-09-21 11:26:46', '2017-01-09 23:59:59', '0', '正常', 1, '31', '', '00000000-0000-0000-0000-000000000000', '', '\0', null, null, null, null, '', '00000000-0000-0000-0000-000000000000', null);
INSERT INTO `vehicleinfo` VALUES ('19ae0b28-ca75-48d8-838a-2451d29f23b8', '鄂M90B22', '用户0090', 'f436ab2e-dd81-4dba-bc33-d71ec8ac7de2', '', '00000000-0000-0000-0000-000000000000', '月租车', '2017-09-21 11:26:49', '2017-03-31 23:59:59', '0', '正常', 1, '31', '', '00000000-0000-0000-0000-000000000000', '', '\0', null, null, null, null, '', '00000000-0000-0000-0000-000000000000', null);
INSERT INTO `vehicleinfo` VALUES ('1a8779e9-d8ee-403e-b659-bf44b29f2a56', '鄂M20D87', '用户0073', 'b3d62f84-11cf-4143-9ec7-02ea13cea9bd', '', '00000000-0000-0000-0000-000000000000', '月租车', '2017-09-21 11:26:49', '2017-03-14 23:59:59', '0', '正常', 1, '31', '', '00000000-0000-0000-0000-000000000000', '', '\0', null, null, null, null, '', '00000000-0000-0000-0000-000000000000', null);
INSERT INTO `vehicleinfo` VALUES ('1cc92a98-ec2a-4949-8aa8-547d25983acf', '鄂M32D96', '用户0034', '59522ea1-e59a-4462-a17f-67703665acde', '', '00000000-0000-0000-0000-000000000000', '月租车', '2017-09-21 11:26:47', '2017-04-03 23:59:59', '0', '正常', 1, '31', '', '00000000-0000-0000-0000-000000000000', '', '\0', null, null, null, null, '', '00000000-0000-0000-0000-000000000000', null);
INSERT INTO `vehicleinfo` VALUES ('1e6f5e87-855e-49d8-969f-5cfa49ceec6b', '鄂M10B03', '用户0132', '749a2d07-f33d-4fdf-a698-6a9436ceb38f', '', '00000000-0000-0000-0000-000000000000', '月租车', '2017-09-21 11:26:51', '2018-01-11 23:59:59', '0', '正常', 1, '31', '', '00000000-0000-0000-0000-000000000000', '', '\0', null, null, null, null, '', '00000000-0000-0000-0000-000000000000', null);
INSERT INTO `vehicleinfo` VALUES ('1e750daa-fd6f-434b-b461-4420c71f127e', '鄂M62C82', '用户0084', 'ba8ed7c0-4a65-4a12-9d07-4244725722b8', '', '00000000-0000-0000-0000-000000000000', '月租车', '2017-09-21 11:26:49', '2017-03-25 23:59:59', '0', '正常', 1, '31', '', '00000000-0000-0000-0000-000000000000', '', '\0', null, null, null, null, '', '00000000-0000-0000-0000-000000000000', null);
INSERT INTO `vehicleinfo` VALUES ('1ebde353-4167-4496-b6a6-c49651c97c5e', '鄂MP0033', '用户0106', '19ae40c1-8d91-4ec0-8f39-8cf7d78aabce', '', '00000000-0000-0000-0000-000000000000', '月租车', '2017-09-21 11:26:50', '2017-12-16 23:59:59', '0', '正常', 1, '31', '', '00000000-0000-0000-0000-000000000000', '', '\0', null, null, null, null, '', '00000000-0000-0000-0000-000000000000', null);
INSERT INTO `vehicleinfo` VALUES ('205d9885-e4c9-4670-a0be-b6997d419526', '鄂A35C71', '用户0162', 'f65ba5e2-5ee1-4229-aac1-d926c112f901', '', '00000000-0000-0000-0000-000000000000', '月租车', '2017-09-21 11:26:53', '2018-06-11 23:59:59', '0', '正常', 1, '31', '', '00000000-0000-0000-0000-000000000000', '', '\0', null, null, null, null, '', '00000000-0000-0000-0000-000000000000', null);
INSERT INTO `vehicleinfo` VALUES ('20860a2c-fb08-4ed7-a673-9e6dc71164ba', '鄂M68A37', '用户0093', '7546da67-1408-4057-a826-6db224c1d424', '', '00000000-0000-0000-0000-000000000000', '月租车', '2017-09-21 11:26:50', '2017-04-03 23:59:59', '0', '正常', 1, '31', '', '00000000-0000-0000-0000-000000000000', '', '\0', null, null, null, null, '', '00000000-0000-0000-0000-000000000000', null);
INSERT INTO `vehicleinfo` VALUES ('212a4676-274e-4925-a411-260279136f59', '鄂M60C73', '用户0005', '21b89290-6cf9-467d-a02e-a109d2f68428', '', '00000000-0000-0000-0000-000000000000', '月租车', '2017-09-21 11:26:46', '2017-01-05 23:59:59', '0', '正常', 1, '31', '', '00000000-0000-0000-0000-000000000000', '', '\0', null, null, null, null, '', '00000000-0000-0000-0000-000000000000', null);
INSERT INTO `vehicleinfo` VALUES ('214db819-da3e-42f8-b17c-8e63ea8d74de', '鄂MS0888', '用户0136', '4fc426b9-a198-4bce-87a2-a6774f483c4d', '', '00000000-0000-0000-0000-000000000000', '月租车', '2017-09-21 11:26:51', '2018-05-16 23:59:59', '0', '正常', 1, '31', '', '00000000-0000-0000-0000-000000000000', '', '\0', null, null, null, null, '', '00000000-0000-0000-0000-000000000000', null);
INSERT INTO `vehicleinfo` VALUES ('216f27b5-c95b-4b69-95c6-ce54146bd3e6', '鄂M70B03', '用户0020', 'eee3e028-fabb-4a0a-aeae-2f22dbde59f3', '', '00000000-0000-0000-0000-000000000000', '月租车', '2017-09-21 11:26:46', '2017-03-20 23:59:59', '0', '正常', 1, '31', '', '00000000-0000-0000-0000-000000000000', '', '\0', null, null, null, null, '', '00000000-0000-0000-0000-000000000000', null);
INSERT INTO `vehicleinfo` VALUES ('22eb6f33-ff0d-4a3a-86df-4f81e4956446', '鄂MM7008', '用户0172', '307a0ffc-fa3e-4f9e-855f-af4c059d85db', '', '00000000-0000-0000-0000-000000000000', '月租车', '2017-09-21 11:26:53', '2018-06-21 23:59:59', '0', '正常', 1, '31', '', '00000000-0000-0000-0000-000000000000', '', '\0', null, null, null, null, '', '00000000-0000-0000-0000-000000000000', null);
INSERT INTO `vehicleinfo` VALUES ('248cdddd-ca55-4ba6-9fcf-39c5cac47eba', '鄂M62A81', '用户0031', '9fc6ec70-6082-4bb0-87ba-1ddebd8e97e4', '', '00000000-0000-0000-0000-000000000000', '月租车', '2017-09-21 11:26:47', '2017-03-31 23:59:59', '0', '正常', 1, '31', '', '00000000-0000-0000-0000-000000000000', '', '\0', null, null, null, null, '', '00000000-0000-0000-0000-000000000000', null);
INSERT INTO `vehicleinfo` VALUES ('26975f3c-e23a-406b-b6cf-3607f9e90c03', '鄂AZ9899', '用户0099', '3162f044-0a05-4498-8d5d-1e9383873a50', '', '00000000-0000-0000-0000-000000000000', '月租车', '2017-09-21 11:26:50', '2017-04-09 23:59:59', '0', '正常', 1, '31', '', '00000000-0000-0000-0000-000000000000', '', '\0', null, null, null, null, '', '00000000-0000-0000-0000-000000000000', null);
INSERT INTO `vehicleinfo` VALUES ('28edf976-02c3-416e-9c32-a2fb18781256', '鄂A929WD', '用户0176', '7fdb4724-6fee-4b13-9e98-610fa6965e01', '', '00000000-0000-0000-0000-000000000000', '月租车', '2017-09-21 11:26:53', '2019-06-25 23:59:59', '0', '正常', 1, '31', '', '00000000-0000-0000-0000-000000000000', '', '\0', null, null, null, null, '', '00000000-0000-0000-0000-000000000000', null);
INSERT INTO `vehicleinfo` VALUES ('290319c5-3d91-4561-9358-0b1228082c70', '鄂MA9111', '用户0149', '629c4038-c10d-4ad4-aa24-61bd965d93b1', '', '00000000-0000-0000-0000-000000000000', '月租车', '2017-09-21 11:26:52', '2018-05-29 23:59:59', '0', '正常', 1, '31', '', '00000000-0000-0000-0000-000000000000', '', '\0', null, null, null, null, '', '00000000-0000-0000-0000-000000000000', null);
INSERT INTO `vehicleinfo` VALUES ('2a3aedbb-e288-49a1-aea2-5eaa3b06020f', '鄂A728KU', '用户0043', 'e4d19fb4-606a-4150-8cd4-8f4c905bab03', '', '00000000-0000-0000-0000-000000000000', '月租车', '2017-09-21 11:26:47', '2017-04-12 23:59:59', '0', '正常', 1, '31', '', '00000000-0000-0000-0000-000000000000', '', '\0', null, null, null, null, '', '00000000-0000-0000-0000-000000000000', null);
INSERT INTO `vehicleinfo` VALUES ('2ab65466-5eb2-4d85-9ffb-ef577c4c82da', '鄂M63A93', '用户0018', 'ebd98875-756c-418b-8ebe-4fd93e831772', '', '00000000-0000-0000-0000-000000000000', '月租车', '2017-09-21 11:26:46', '2017-03-18 23:59:59', '0', '正常', 1, '31', '', '00000000-0000-0000-0000-000000000000', '', '\0', null, null, null, null, '', '00000000-0000-0000-0000-000000000000', null);
INSERT INTO `vehicleinfo` VALUES ('2b027fa4-65b9-4d0f-aa86-371816f3f2c6', '鄂M00C68', '用户0044', 'b7198835-84f4-4063-9dd9-9a0a357c6b3e', '', '00000000-0000-0000-0000-000000000000', '月租车', '2017-09-21 11:26:47', '2017-04-13 23:59:59', '0', '正常', 1, '31', '', '00000000-0000-0000-0000-000000000000', '', '\0', null, null, null, null, '', '00000000-0000-0000-0000-000000000000', null);
INSERT INTO `vehicleinfo` VALUES ('2bc64320-aa83-4c17-a5fc-1e4e1bdc5009', '鄂ML1536', '用户0109', '02b2905b-6ec5-416b-85be-11caa9e04f1d', '', '00000000-0000-0000-0000-000000000000', '月租车', '2017-09-21 11:26:50', '2017-12-19 23:59:59', '0', '正常', 1, '31', '', '00000000-0000-0000-0000-000000000000', '', '\0', null, null, null, null, '', '00000000-0000-0000-0000-000000000000', null);
INSERT INTO `vehicleinfo` VALUES ('2bc7388f-d8b4-415a-8028-0b8027146491', '鄂M71A77', '用户0046', 'b53791d3-beb1-48ef-a33c-9b6cd819c502', '', '00000000-0000-0000-0000-000000000000', '月租车', '2017-09-21 11:26:47', '2017-04-15 23:59:59', '0', '正常', 1, '31', '', '00000000-0000-0000-0000-000000000000', '', '\0', null, null, null, null, '', '00000000-0000-0000-0000-000000000000', null);
INSERT INTO `vehicleinfo` VALUES ('2ce5b393-25bc-4aef-9add-a43a362dcbcf', '鄂M57A77', '用户0128', '47043fc9-0b41-4df8-8e82-a61445005cc3', '', '00000000-0000-0000-0000-000000000000', '月租车', '2017-09-21 11:26:51', '2018-01-07 23:59:59', '0', '正常', 1, '31', '', '00000000-0000-0000-0000-000000000000', '', '\0', null, null, null, null, '', '00000000-0000-0000-0000-000000000000', null);
INSERT INTO `vehicleinfo` VALUES ('35c4fd73-948f-4764-9b1e-0e81ebf7735b', '鄂M36C63', '用户0089', 'b7f17e89-a525-43ab-ad51-6af150a48464', '', '00000000-0000-0000-0000-000000000000', '月租车', '2017-09-21 11:26:49', '2017-03-30 23:59:59', '0', '正常', 1, '31', '', '00000000-0000-0000-0000-000000000000', '', '\0', null, null, null, null, '', '00000000-0000-0000-0000-000000000000', null);
INSERT INTO `vehicleinfo` VALUES ('36883c8b-68eb-4f72-9c75-2aee7a04b3ff', '鄂M39B02', '用户0185', '7bd806a4-d899-4202-bf10-b2fc20d06145', '', '00000000-0000-0000-0000-000000000000', '月租车', '2017-09-21 11:26:54', '2019-07-04 23:59:59', '0', '正常', 1, '31', '', '00000000-0000-0000-0000-000000000000', '', '\0', null, null, null, null, '', '00000000-0000-0000-0000-000000000000', null);
INSERT INTO `vehicleinfo` VALUES ('3772107d-a28f-4c3d-853e-7bd5647b6a23', '鄂M79B33', '用户0105', 'f0c6d90c-e1ab-4465-bdd6-e35f28e03467', '', '00000000-0000-0000-0000-000000000000', '月租车', '2017-09-21 11:26:50', '2017-04-15 23:59:59', '0', '正常', 1, '31', '', '00000000-0000-0000-0000-000000000000', '', '\0', null, null, null, null, '', '00000000-0000-0000-0000-000000000000', null);
INSERT INTO `vehicleinfo` VALUES ('37d390d9-7150-4c64-80a1-c2961c6b8056', '鄂AK167D', '用户0182', 'db6988b0-e182-4008-a01b-2be4ff38b3f3', '', '00000000-0000-0000-0000-000000000000', '月租车', '2017-09-21 11:26:53', '2019-07-01 23:59:59', '0', '正常', 1, '31', '', '00000000-0000-0000-0000-000000000000', '', '\0', null, null, null, null, '', '00000000-0000-0000-0000-000000000000', null);
INSERT INTO `vehicleinfo` VALUES ('3810fc57-d704-484b-a084-423000262526', '鄂M32D23', '用户0061', '8342b574-d099-479e-9243-846ab3d62d48', '', '00000000-0000-0000-0000-000000000000', '月租车', '2017-09-21 11:26:48', '2017-04-30 23:59:59', '0', '正常', 1, '31', '', '00000000-0000-0000-0000-000000000000', '', '\0', null, null, null, null, '', '00000000-0000-0000-0000-000000000000', null);
INSERT INTO `vehicleinfo` VALUES ('3942cd6c-4155-465b-a586-17d5e46f4bda', '鄂A6R9K7', '用户0167', '4fea3d54-5d86-4a50-b66b-327eadc6f70f', '', '00000000-0000-0000-0000-000000000000', '月租车', '2017-09-21 11:26:53', '2018-06-16 23:59:59', '0', '正常', 1, '31', '', '00000000-0000-0000-0000-000000000000', '', '\0', null, null, null, null, '', '00000000-0000-0000-0000-000000000000', null);
INSERT INTO `vehicleinfo` VALUES ('399f61ac-9958-485f-9757-04b056619d01', '鄂MA7636', '用户0003', '311d4f8b-4ee9-4127-9e72-3b141177e0f2', '', '00000000-0000-0000-0000-000000000000', '月租车', '2017-09-21 11:26:45', '2017-01-03 23:59:59', '0', '正常', 1, '31', '', '00000000-0000-0000-0000-000000000000', '', '\0', null, null, null, null, '', '00000000-0000-0000-0000-000000000000', null);
INSERT INTO `vehicleinfo` VALUES ('3ad03ba6-241d-468f-90d6-cca91969abf0', '鄂M28C77', '用户0148', '38f12141-8d53-4394-9e10-fa7c756bc6f9', '', '00000000-0000-0000-0000-000000000000', '月租车', '2017-09-21 11:26:52', '2018-05-28 23:59:59', '0', '正常', 1, '31', '', '00000000-0000-0000-0000-000000000000', '', '\0', null, null, null, null, '', '00000000-0000-0000-0000-000000000000', null);
INSERT INTO `vehicleinfo` VALUES ('3b9bfb7d-d3f4-40dc-b64b-6243624f41c4', '鄂A4L1M9', '用户0057', '1962a72c-b783-4933-91f0-34b645c5cfd0', '', '00000000-0000-0000-0000-000000000000', '月租车', '2017-09-21 11:26:48', '2017-04-26 23:59:59', '0', '正常', 1, '31', '', '00000000-0000-0000-0000-000000000000', '', '\0', null, null, null, null, '', '00000000-0000-0000-0000-000000000000', null);
INSERT INTO `vehicleinfo` VALUES ('3cee3559-a680-47e2-a54f-976112d75223', '鄂KCM731', '用户0022', 'd65193ac-8c5a-4165-8b8a-98bf5969b3e6', '', '00000000-0000-0000-0000-000000000000', '月租车', '2017-09-21 11:26:46', '2017-03-22 23:59:59', '0', '正常', 1, '31', '', '00000000-0000-0000-0000-000000000000', '', '\0', null, null, null, null, '', '00000000-0000-0000-0000-000000000000', null);
INSERT INTO `vehicleinfo` VALUES ('3d859445-3a0f-4e19-b612-1926dd814ac3', '鄂M26B72', '用户0120', '0f4eb9f4-a253-489b-aeb3-182a9ff0d9cb', '', '00000000-0000-0000-0000-000000000000', '月租车', '2017-09-21 11:26:51', '2017-12-30 23:59:59', '0', '正常', 1, '31', '', '00000000-0000-0000-0000-000000000000', '', '\0', null, null, null, null, '', '00000000-0000-0000-0000-000000000000', null);
INSERT INTO `vehicleinfo` VALUES ('4104749c-cbbe-4cd2-9d9b-4bb764c0d459', '鄂AWT226', '用户0021', 'b6e26d17-f9f9-4a01-8c6e-1d95c78d176a', '', '00000000-0000-0000-0000-000000000000', '月租车', '2017-09-21 11:26:46', '2017-03-21 23:59:59', '0', '正常', 1, '31', '', '00000000-0000-0000-0000-000000000000', '', '\0', null, null, null, null, '', '00000000-0000-0000-0000-000000000000', null);
INSERT INTO `vehicleinfo` VALUES ('43207567-522e-4411-a5c8-8f51d516b3b2', '鄂M56C83', '用户0140', '0a92c6de-1e06-4739-b26c-249aaeaa0d67', '', '00000000-0000-0000-0000-000000000000', '月租车', '2017-09-21 11:26:51', '2018-05-20 23:59:59', '0', '正常', 1, '31', '', '00000000-0000-0000-0000-000000000000', '', '\0', null, null, null, null, '', '00000000-0000-0000-0000-000000000000', null);
INSERT INTO `vehicleinfo` VALUES ('45cfb028-399a-4cf8-b454-657a9c81801a', '鄂ME2007', '用户0115', 'c189ceb9-7e9f-4505-9210-dd9f5be88b9c', '', '00000000-0000-0000-0000-000000000000', '月租车', '2017-09-21 11:26:50', '2017-12-25 23:59:59', '0', '正常', 1, '31', '', '00000000-0000-0000-0000-000000000000', '', '\0', null, null, null, null, '', '00000000-0000-0000-0000-000000000000', null);
INSERT INTO `vehicleinfo` VALUES ('46534367-aa55-42b4-b2bd-e84d0d8ef2ca', '鄂M21D98', '用户0188', 'f3641af4-9475-4872-ad45-0ba6bbe3e3b7', '', '00000000-0000-0000-0000-000000000000', '月租车', '2017-09-21 11:26:54', '2019-07-07 23:59:59', '0', '正常', 1, '31', '', '00000000-0000-0000-0000-000000000000', '', '\0', null, null, null, null, '', '00000000-0000-0000-0000-000000000000', null);
INSERT INTO `vehicleinfo` VALUES ('4832c25d-a70c-4aa1-ba21-128cdf2cf840', '鄂A8A27A', '用户0183', 'a2e1961a-44fb-4caf-9aa5-85728216c6c3', '', '00000000-0000-0000-0000-000000000000', '月租车', '2017-09-21 11:26:54', '2019-07-02 23:59:59', '0', '正常', 1, '31', '', '00000000-0000-0000-0000-000000000000', '', '\0', null, null, null, null, '', '00000000-0000-0000-0000-000000000000', null);
INSERT INTO `vehicleinfo` VALUES ('4aa69cf2-b2b5-4d5b-a7b2-6d7fc07dea34', '鄂M09A28', '用户0048', '5a76819b-49cf-4770-a611-58c16cba9979', '', '00000000-0000-0000-0000-000000000000', '月租车', '2017-09-21 11:26:48', '2017-04-17 23:59:59', '0', '正常', 1, '31', '', '00000000-0000-0000-0000-000000000000', '', '\0', null, null, null, null, '', '00000000-0000-0000-0000-000000000000', null);
INSERT INTO `vehicleinfo` VALUES ('4c3fd8d4-6198-4cad-9e01-5770e9a505d2', '鄂M33D68', '用户0083', '453b5561-8970-4b36-b547-12f0c762f86a', '', '00000000-0000-0000-0000-000000000000', '月租车', '2017-09-21 11:26:49', '2017-03-24 23:59:59', '0', '正常', 1, '31', '', '00000000-0000-0000-0000-000000000000', '', '\0', null, null, null, null, '', '00000000-0000-0000-0000-000000000000', null);
INSERT INTO `vehicleinfo` VALUES ('4e850b3a-3df7-4262-936c-233a8d5851bd', '鄂AUQW25', '用户0117', '12418d41-b735-4707-804c-ea858885cd8e', '', '00000000-0000-0000-0000-000000000000', '月租车', '2017-09-21 11:26:51', '2017-12-27 23:59:59', '0', '正常', 1, '31', '', '00000000-0000-0000-0000-000000000000', '', '\0', null, null, null, null, '', '00000000-0000-0000-0000-000000000000', null);
INSERT INTO `vehicleinfo` VALUES ('4f37eb3e-7462-4187-a5d6-c14da3bbbaef', '鄂M95B96', '用户0156', 'bff5ffc1-9177-4873-bcca-69d79674c2de', '', '00000000-0000-0000-0000-000000000000', '月租车', '2017-09-21 11:26:52', '2018-06-05 23:59:59', '0', '正常', 1, '31', '', '00000000-0000-0000-0000-000000000000', '', '\0', null, null, null, null, '', '00000000-0000-0000-0000-000000000000', null);
INSERT INTO `vehicleinfo` VALUES ('50c380b2-a074-48bd-9118-a2923c5f4dea', '鄂M58B77', '用户0072', 'c9f5d00f-aab4-43f6-823a-238ba7ff6e49', '', '00000000-0000-0000-0000-000000000000', '月租车', '2017-09-21 11:26:49', '2017-03-13 23:59:59', '0', '正常', 1, '31', '', '00000000-0000-0000-0000-000000000000', '', '\0', null, null, null, null, '', '00000000-0000-0000-0000-000000000000', null);
INSERT INTO `vehicleinfo` VALUES ('50c93b66-28e3-4f56-848d-320cbc7f0817', '鄂M17A57', '用户0151', 'd132c5c1-de88-4feb-8679-a82555fac949', '', '00000000-0000-0000-0000-000000000000', '月租车', '2017-09-21 11:26:52', '2018-05-31 23:59:59', '0', '正常', 1, '31', '', '00000000-0000-0000-0000-000000000000', '', '\0', null, null, null, null, '', '00000000-0000-0000-0000-000000000000', null);
INSERT INTO `vehicleinfo` VALUES ('51251049-aa13-4cda-ac31-fcb5f8e0596b', '渝B223F9', '用户0066', '35ee1847-36c2-4579-8a34-dd52693681a3', '', '00000000-0000-0000-0000-000000000000', '月租车', '2017-09-21 11:26:48', '2017-05-05 23:59:59', '0', '正常', 1, '31', '', '00000000-0000-0000-0000-000000000000', '', '\0', null, null, null, null, '', '00000000-0000-0000-0000-000000000000', null);
INSERT INTO `vehicleinfo` VALUES ('53cb9cc1-4ca5-4f32-ae93-e22748007736', '鄂M78A76', '用户0074', 'e57ccae3-4a1e-48a0-a7e7-c53fcbf47465', '', '00000000-0000-0000-0000-000000000000', '月租车', '2017-09-21 11:26:49', '2017-03-15 23:59:59', '0', '正常', 1, '31', '', '00000000-0000-0000-0000-000000000000', '', '\0', null, null, null, null, '', '00000000-0000-0000-0000-000000000000', null);
INSERT INTO `vehicleinfo` VALUES ('53cc35d4-5ed0-4773-8e47-73085e817c7e', '鄂M03B51', '用户0184', '1da55e44-f13b-47a8-a9e0-de9873ecc932', '', '00000000-0000-0000-0000-000000000000', '月租车', '2017-09-21 11:26:54', '2019-07-03 23:59:59', '0', '正常', 1, '31', '', '00000000-0000-0000-0000-000000000000', '', '\0', null, null, null, null, '', '00000000-0000-0000-0000-000000000000', null);
INSERT INTO `vehicleinfo` VALUES ('542b782d-8ee8-48c0-8b0d-fa45e6d6be36', '鄂M33D65', '用户0024', '966f8fef-946c-407e-aa51-b431d9707289', '', '00000000-0000-0000-0000-000000000000', '月租车', '2017-09-21 11:26:46', '2017-03-24 23:59:59', '0', '正常', 1, '31', '', '00000000-0000-0000-0000-000000000000', '', '\0', null, null, null, null, '', '00000000-0000-0000-0000-000000000000', null);
INSERT INTO `vehicleinfo` VALUES ('552c7a75-3a23-4dc6-97f9-68d2132a37ce', '鄂A3PL99', '用户0158', '45fbeed9-d057-4585-a2a5-63e82429ae45', '', '00000000-0000-0000-0000-000000000000', '月租车', '2017-09-21 11:26:52', '2018-06-07 23:59:59', '0', '正常', 1, '31', '', '00000000-0000-0000-0000-000000000000', '', '\0', null, null, null, null, '', '00000000-0000-0000-0000-000000000000', null);
INSERT INTO `vehicleinfo` VALUES ('554bdaab-ccf3-4a05-b4aa-8ba093aaead6', '鄂M97A57', '用户0179', '8f41ffc4-1309-49b5-9c16-d1e62058e162', '', '00000000-0000-0000-0000-000000000000', '月租车', '2017-09-21 11:26:53', '2019-06-28 23:59:59', '0', '正常', 1, '31', '', '00000000-0000-0000-0000-000000000000', '', '\0', null, null, null, null, '', '00000000-0000-0000-0000-000000000000', null);
INSERT INTO `vehicleinfo` VALUES ('569cd0bd-dc11-4421-92dc-999937d464d9', '鄂MD1228', '用户0085', '803dd5ad-f5ec-4179-a8e0-0365ee8a648a', '', '00000000-0000-0000-0000-000000000000', '月租车', '2017-09-21 11:26:49', '2017-03-26 23:59:59', '0', '正常', 1, '31', '', '00000000-0000-0000-0000-000000000000', '', '\0', null, null, null, null, '', '00000000-0000-0000-0000-000000000000', null);
INSERT INTO `vehicleinfo` VALUES ('584bb9c0-45fc-4335-9266-bbbe0df79492', '渝BWD882', '用户0116', 'a4250bf2-b118-4dfc-bb09-0a273ae95b19', '', '00000000-0000-0000-0000-000000000000', '月租车', '2017-09-21 11:26:50', '2017-12-26 23:59:59', '0', '正常', 1, '31', '', '00000000-0000-0000-0000-000000000000', '', '\0', null, null, null, null, '', '00000000-0000-0000-0000-000000000000', null);
INSERT INTO `vehicleinfo` VALUES ('59c3205c-699f-4f24-9ec9-0019a5992c7f', '鄂M27D27', '用户0137', '5ee1540d-3392-4dfe-8eb3-c85c1cf5f177', '', '00000000-0000-0000-0000-000000000000', '月租车', '2017-09-21 11:26:51', '2018-05-17 23:59:59', '0', '正常', 1, '31', '', '00000000-0000-0000-0000-000000000000', '', '\0', null, null, null, null, '', '00000000-0000-0000-0000-000000000000', null);
INSERT INTO `vehicleinfo` VALUES ('5a241de4-c55e-4eb8-89b7-4449754f9f21', '鄂M88C50', '用户0055', '7917c612-5b36-4d45-a7be-1d930ee98f12', '', '00000000-0000-0000-0000-000000000000', '月租车', '2017-09-21 11:26:48', '2017-04-24 23:59:59', '0', '正常', 1, '31', '', '00000000-0000-0000-0000-000000000000', '', '\0', null, null, null, null, '', '00000000-0000-0000-0000-000000000000', null);
INSERT INTO `vehicleinfo` VALUES ('5de4cdd4-fa22-413b-882f-420676c64483', '鄂AL95W3', '用户0102', 'd7880b22-69d5-4ad5-8995-f29186209d27', '', '00000000-0000-0000-0000-000000000000', '月租车', '2017-09-21 11:26:50', '2017-04-12 23:59:59', '0', '正常', 1, '31', '', '00000000-0000-0000-0000-000000000000', '', '\0', null, null, null, null, '', '00000000-0000-0000-0000-000000000000', null);
INSERT INTO `vehicleinfo` VALUES ('5f6f3119-5004-4474-8847-33b05dfb5c8f', '鄂M69A87', '用户0163', 'f2467e35-f95e-4b25-9225-a81647a45d97', '', '00000000-0000-0000-0000-000000000000', '月租车', '2017-09-21 11:26:53', '2018-06-12 23:59:59', '0', '正常', 1, '31', '', '00000000-0000-0000-0000-000000000000', '', '\0', null, null, null, null, '', '00000000-0000-0000-0000-000000000000', null);
INSERT INTO `vehicleinfo` VALUES ('5fc7c3dd-2a86-4ce5-a12c-2305bfe1ed8b', '鄂M38C88', '用户0164', 'a5ba3e0e-4a1f-4290-b5a5-59086339bb7d', '', '00000000-0000-0000-0000-000000000000', '月租车', '2017-09-21 11:26:53', '2018-06-13 23:59:59', '0', '正常', 1, '31', '', '00000000-0000-0000-0000-000000000000', '', '\0', null, null, null, null, '', '00000000-0000-0000-0000-000000000000', null);
INSERT INTO `vehicleinfo` VALUES ('61eb8ff6-6474-4a4e-a7f6-f50549de918d', '鄂A763JY', '用户0127', 'e4d35f63-e380-48d6-9b53-6864245fef2b', '', '00000000-0000-0000-0000-000000000000', '月租车', '2017-09-21 11:26:51', '2018-01-06 23:59:59', '0', '正常', 1, '31', '', '00000000-0000-0000-0000-000000000000', '', '\0', null, null, null, null, '', '00000000-0000-0000-0000-000000000000', null);
INSERT INTO `vehicleinfo` VALUES ('62efd742-5e76-4528-9132-e0cc0d320ead', '鄂M67D76', '用户0126', '672b0d36-8086-4cb5-a45d-7cefe3fe19c0', '', '00000000-0000-0000-0000-000000000000', '月租车', '2017-09-21 11:26:51', '2018-01-05 23:59:59', '0', '正常', 1, '31', '', '00000000-0000-0000-0000-000000000000', '', '\0', null, null, null, null, '', '00000000-0000-0000-0000-000000000000', null);
INSERT INTO `vehicleinfo` VALUES ('645ffee8-462f-4062-8d5c-7d08d6c46823', '鄂ML6298', '用户0016', '557e7615-0324-41cc-97ec-283d87b929ec', '', '00000000-0000-0000-0000-000000000000', '月租车', '2017-09-21 11:26:46', '2017-03-16 23:59:59', '0', '正常', 1, '31', '', '00000000-0000-0000-0000-000000000000', '', '\0', null, null, null, null, '', '00000000-0000-0000-0000-000000000000', null);
INSERT INTO `vehicleinfo` VALUES ('6539a74d-2cf9-4369-b7a4-2e107d1baa0a', '鄂M76A68', '用户0023', '649912de-962a-4629-b118-65a445db5672', '', '00000000-0000-0000-0000-000000000000', '月租车', '2017-09-21 11:26:46', '2017-03-23 23:59:59', '0', '正常', 1, '31', '', '00000000-0000-0000-0000-000000000000', '', '\0', null, null, null, null, '', '00000000-0000-0000-0000-000000000000', null);
INSERT INTO `vehicleinfo` VALUES ('65502165-799d-4884-93cf-33cc2e73eec2', '鄂M76B23', '用户0181', '0a48f6ff-e304-4c39-9670-6cb9fb78ec17', '', '00000000-0000-0000-0000-000000000000', '月租车', '2017-09-21 11:26:53', '2019-06-30 23:59:59', '0', '正常', 1, '31', '', '00000000-0000-0000-0000-000000000000', '', '\0', null, null, null, null, '', '00000000-0000-0000-0000-000000000000', null);
INSERT INTO `vehicleinfo` VALUES ('6602bbd4-61c7-465f-9813-48f0a8e1abab', '鄂AK3Z33', '用户0112', '324edc86-5b72-4e5f-aa5c-b691f490ee1c', '', '00000000-0000-0000-0000-000000000000', '月租车', '2017-09-21 11:26:50', '2017-12-22 23:59:59', '0', '正常', 1, '31', '', '00000000-0000-0000-0000-000000000000', '', '\0', null, null, null, null, '', '00000000-0000-0000-0000-000000000000', null);
INSERT INTO `vehicleinfo` VALUES ('68947bcd-b6f1-4e36-9a67-154c07bee3f9', '鄂M10A96', '用户0187', 'f6e2b5c6-59e0-4da1-8d39-e23bd3312583', '', '00000000-0000-0000-0000-000000000000', '月租车', '2017-09-21 11:26:54', '2019-07-06 23:59:59', '0', '正常', 1, '31', '', '00000000-0000-0000-0000-000000000000', '', '\0', null, null, null, null, '', '00000000-0000-0000-0000-000000000000', null);
INSERT INTO `vehicleinfo` VALUES ('68b85d0d-b360-4a61-be65-50716c479825', '鄂AG8Z66', '用户0169', 'ca3c0441-a90b-4cd6-842b-a5cc508e5ab5', '', '00000000-0000-0000-0000-000000000000', '月租车', '2017-09-21 11:26:53', '2018-06-18 23:59:59', '0', '正常', 1, '31', '', '00000000-0000-0000-0000-000000000000', '', '\0', null, null, null, null, '', '00000000-0000-0000-0000-000000000000', null);
INSERT INTO `vehicleinfo` VALUES ('6951a09c-0c59-4844-bac5-6ed8471054e3', '鄂M11A18', '用户0081', '9068a152-6be2-45b4-959e-bea7dd2a2f57', '', '00000000-0000-0000-0000-000000000000', '月租车', '2017-09-21 11:26:49', '2017-03-22 23:59:59', '0', '正常', 1, '31', '', '00000000-0000-0000-0000-000000000000', '', '\0', null, null, null, null, '', '00000000-0000-0000-0000-000000000000', null);
INSERT INTO `vehicleinfo` VALUES ('69bf4842-3353-46b8-90b3-42f476f50f09', '鄂M39692', '用户0193', 'f475e1b9-0b19-4890-bc0a-9c62368431d5', '', '00000000-0000-0000-0000-000000000000', '月租车', '2017-09-21 11:26:54', '2019-07-12 23:59:59', '0', '正常', 1, '31', '', '00000000-0000-0000-0000-000000000000', '', '\0', null, null, null, null, '', '00000000-0000-0000-0000-000000000000', null);
INSERT INTO `vehicleinfo` VALUES ('6b0e7ef0-8ac0-432f-8743-c31d2a622d6e', '鄂M13C97', '用户0121', '4cb27c26-57b4-47d6-ae54-64d341352525', '', '00000000-0000-0000-0000-000000000000', '月租车', '2017-09-21 11:26:51', '2017-12-31 23:59:59', '0', '正常', 1, '31', '', '00000000-0000-0000-0000-000000000000', '', '\0', null, null, null, null, '', '00000000-0000-0000-0000-000000000000', null);
INSERT INTO `vehicleinfo` VALUES ('7066b8c7-263b-4410-a519-68dd4ce12d27', '鄂M33D59', '用户0168', '43479870-8b37-4e2f-9189-eeb28cfa0288', '', '00000000-0000-0000-0000-000000000000', '月租车', '2017-09-21 11:26:53', '2018-06-17 23:59:59', '0', '正常', 1, '31', '', '00000000-0000-0000-0000-000000000000', '', '\0', null, null, null, null, '', '00000000-0000-0000-0000-000000000000', null);
INSERT INTO `vehicleinfo` VALUES ('718b1dfe-29b3-4b63-9d51-38a17a653327', '鄂M33B86', '用户0171', 'e1d976f2-c85b-42d1-a3ed-d60af140cf2c', '', '00000000-0000-0000-0000-000000000000', '月租车', '2017-09-21 11:26:53', '2018-06-20 23:59:59', '0', '正常', 1, '31', '', '00000000-0000-0000-0000-000000000000', '', '\0', null, null, null, null, '', '00000000-0000-0000-0000-000000000000', null);
INSERT INTO `vehicleinfo` VALUES ('71ba2917-2092-4c99-a7ea-43483a723edd', '鄂M70B68', '用户0058', '6c70316b-da8a-42bd-8563-f54d70f2b874', '', '00000000-0000-0000-0000-000000000000', '月租车', '2017-09-21 11:26:48', '2017-04-27 23:59:59', '0', '正常', 1, '31', '', '00000000-0000-0000-0000-000000000000', '', '\0', null, null, null, null, '', '00000000-0000-0000-0000-000000000000', null);
INSERT INTO `vehicleinfo` VALUES ('732ba1dc-1872-4e2b-ae09-b9f70a3aed1a', '鄂AGR172', '用户0015', '6bd8972a-0e5d-4075-8dce-f58c976fdd42', '', '00000000-0000-0000-0000-000000000000', '月租车', '2017-09-21 11:26:46', '2017-03-15 23:59:59', '0', '正常', 1, '31', '', '00000000-0000-0000-0000-000000000000', '', '\0', null, null, null, null, '', '00000000-0000-0000-0000-000000000000', null);
INSERT INTO `vehicleinfo` VALUES ('755eac9b-3a78-4bc9-94be-79f1a889d3a4', '鄂M98C33', '用户0078', '733c8ea0-f2ae-4a16-99dd-4daf67672916', '', '00000000-0000-0000-0000-000000000000', '月租车', '2017-09-21 11:26:49', '2017-03-19 23:59:59', '0', '正常', 1, '31', '', '00000000-0000-0000-0000-000000000000', '', '\0', null, null, null, null, '', '00000000-0000-0000-0000-000000000000', null);
INSERT INTO `vehicleinfo` VALUES ('7b168829-b5b1-4f05-8d52-a812852570b5', '鄂M20C97', '用户0080', '1f715177-9923-4bb9-94c2-acf01468ba9d', '', '00000000-0000-0000-0000-000000000000', '月租车', '2017-09-21 11:26:49', '2017-03-21 23:59:59', '0', '正常', 1, '31', '', '00000000-0000-0000-0000-000000000000', '', '\0', null, null, null, null, '', '00000000-0000-0000-0000-000000000000', null);
INSERT INTO `vehicleinfo` VALUES ('7f21829b-b69f-4e31-9427-d54e11ec0df5', '鄂M33D52', '用户0097', '1da0b07c-7e0c-46ad-9e7d-6b3d4584905b', '', '00000000-0000-0000-0000-000000000000', '月租车', '2017-09-21 11:26:50', '2017-04-07 23:59:59', '0', '正常', 1, '31', '', '00000000-0000-0000-0000-000000000000', '', '\0', null, null, null, null, '', '00000000-0000-0000-0000-000000000000', null);
INSERT INTO `vehicleinfo` VALUES ('81bb4c3a-b8fc-4bea-a372-e4186c3e9d64', '鄂M39836', '用户0059', 'e2830b5a-fdf3-4bef-b88c-31c821c6f27a', '', '00000000-0000-0000-0000-000000000000', '月租车', '2017-09-21 11:26:48', '2017-04-28 23:59:59', '0', '正常', 1, '31', '', '00000000-0000-0000-0000-000000000000', '', '\0', null, null, null, null, '', '00000000-0000-0000-0000-000000000000', null);
INSERT INTO `vehicleinfo` VALUES ('82f37a7b-e2ed-4280-9eb2-ec1ba9ed534b', '鄂M93B39', '用户0189', '66ea95d0-1dd8-4d92-9938-52ff6a0a2bce', '', '00000000-0000-0000-0000-000000000000', '月租车', '2017-09-21 11:26:54', '2019-07-08 23:59:59', '0', '正常', 1, '31', '', '00000000-0000-0000-0000-000000000000', '', '\0', null, null, null, null, '', '00000000-0000-0000-0000-000000000000', null);
INSERT INTO `vehicleinfo` VALUES ('8a88d462-236a-4f2d-b8f9-276d4a58075d', '鄂M74345', '用户0141', '7a9a301a-3867-4b9d-af9d-c1ed360e5f05', '', '00000000-0000-0000-0000-000000000000', '月租车', '2017-09-21 11:26:52', '2018-05-21 23:59:59', '0', '正常', 1, '31', '', '00000000-0000-0000-0000-000000000000', '', '\0', null, null, null, null, '', '00000000-0000-0000-0000-000000000000', null);
INSERT INTO `vehicleinfo` VALUES ('8b24f633-7da0-4024-aa31-0c8ae7da9a62', '鄂M79A25', '用户0092', 'f0928fd0-d99f-4d85-8836-efb39654d0ea', '', '00000000-0000-0000-0000-000000000000', '月租车', '2017-09-21 11:26:50', '2017-04-02 23:59:59', '0', '正常', 1, '31', '', '00000000-0000-0000-0000-000000000000', '', '\0', null, null, null, null, '', '00000000-0000-0000-0000-000000000000', null);
INSERT INTO `vehicleinfo` VALUES ('8c9ff3d5-7c85-4136-91e7-21dca723be22', '鄂M29D36', '用户0060', '801a72a5-5914-4994-94e2-35ef6476ebe1', '', '00000000-0000-0000-0000-000000000000', '月租车', '2017-09-21 11:26:48', '2017-04-29 23:59:59', '0', '正常', 1, '31', '', '00000000-0000-0000-0000-000000000000', '', '\0', null, null, null, null, '', '00000000-0000-0000-0000-000000000000', null);
INSERT INTO `vehicleinfo` VALUES ('8cf67a62-89f3-402c-a490-e3001286b5d3', '鄂M33D15', '用户0087', 'eecb4121-a5e3-4faf-a87d-721693eaa14c', '', '00000000-0000-0000-0000-000000000000', '月租车', '2017-09-21 11:26:49', '2017-03-28 23:59:59', '0', '正常', 1, '31', '', '00000000-0000-0000-0000-000000000000', '', '\0', null, null, null, null, '', '00000000-0000-0000-0000-000000000000', null);
INSERT INTO `vehicleinfo` VALUES ('8f947061-47a8-4944-8c19-71571bb74d56', '鄂M16C32', '用户0063', '401c688c-b197-425b-a71f-ea33f5cca5f8', '', '00000000-0000-0000-0000-000000000000', '月租车', '2017-09-21 11:26:48', '2017-05-02 23:59:59', '0', '正常', 1, '31', '', '00000000-0000-0000-0000-000000000000', '', '\0', null, null, null, null, '', '00000000-0000-0000-0000-000000000000', null);
INSERT INTO `vehicleinfo` VALUES ('9088a5db-6fbc-441e-9cc5-aadbf901be85', '鄂M86575', '用户0071', '95e670c9-339e-4e4c-962a-dd0cbaf85b84', '', '00000000-0000-0000-0000-000000000000', '月租车', '2017-09-21 11:26:49', '2017-03-12 23:59:59', '0', '正常', 1, '31', '', '00000000-0000-0000-0000-000000000000', '', '\0', null, null, null, null, '', '00000000-0000-0000-0000-000000000000', null);
INSERT INTO `vehicleinfo` VALUES ('92780c0b-4e8b-4be5-a357-9b38147a80fc', '鄂M17A08', '用户0075', '7beac24e-a7ce-4e9e-ae89-e46a8c5c7563', '', '00000000-0000-0000-0000-000000000000', '月租车', '2017-09-21 11:26:49', '2017-03-16 23:59:59', '0', '正常', 1, '31', '', '00000000-0000-0000-0000-000000000000', '', '\0', null, null, null, null, '', '00000000-0000-0000-0000-000000000000', null);
INSERT INTO `vehicleinfo` VALUES ('934210af-7ffb-4cc0-947b-024751d20035', '鄂M30D38', '用户0039', 'f1f19383-44d4-47c3-b2f9-eb2fd28b8e85', '', '00000000-0000-0000-0000-000000000000', '月租车', '2017-09-21 11:26:47', '2017-04-08 23:59:59', '0', '正常', 1, '31', '', '00000000-0000-0000-0000-000000000000', '', '\0', null, null, null, null, '', '00000000-0000-0000-0000-000000000000', null);
INSERT INTO `vehicleinfo` VALUES ('93862d10-f527-4364-b7e9-af5c5ae4c126', '鄂MK3721', '用户0143', '79ff6cd3-59c7-4e30-a3bc-1faa9b710f8e', '', '00000000-0000-0000-0000-000000000000', '月租车', '2017-09-21 11:26:52', '2018-05-23 23:59:59', '0', '正常', 1, '31', '', '00000000-0000-0000-0000-000000000000', '', '\0', null, null, null, null, '', '00000000-0000-0000-0000-000000000000', null);
INSERT INTO `vehicleinfo` VALUES ('94f070d4-f6c2-4a36-a059-7b35faf143f3', '鄂M13C67', '用户0161', '63603cff-78e4-43b1-ba5e-efe5eaf81859', '', '00000000-0000-0000-0000-000000000000', '月租车', '2017-09-21 11:26:53', '2018-06-10 23:59:59', '0', '正常', 1, '31', '', '00000000-0000-0000-0000-000000000000', '', '\0', null, null, null, null, '', '00000000-0000-0000-0000-000000000000', null);
INSERT INTO `vehicleinfo` VALUES ('94f5db30-05af-45e6-af75-ef6601b9f037', '鄂M73A22', '用户0147', 'b69bea5a-1067-40fa-b540-5c72bf07995d', '', '00000000-0000-0000-0000-000000000000', '月租车', '2017-09-21 11:26:52', '2018-05-27 23:59:59', '0', '正常', 1, '31', '', '00000000-0000-0000-0000-000000000000', '', '\0', null, null, null, null, '', '00000000-0000-0000-0000-000000000000', null);
INSERT INTO `vehicleinfo` VALUES ('97b9d052-2c56-4bbb-9fff-98aaa3b3525c', '鄂A7Y68F', '用户0076', 'e9e3f85e-712e-4e9b-8921-2e75d562cf3d', '', '00000000-0000-0000-0000-000000000000', '月租车', '2017-09-21 11:26:49', '2017-03-17 23:59:59', '0', '正常', 1, '31', '', '00000000-0000-0000-0000-000000000000', '', '\0', null, null, null, null, '', '00000000-0000-0000-0000-000000000000', null);
INSERT INTO `vehicleinfo` VALUES ('98e8b474-ada1-40ed-9efd-b7400cfc2fe8', '鄂M10A26', '用户0159', '54d284fc-95ae-40f3-9677-ba870afcdd03', '', '00000000-0000-0000-0000-000000000000', '月租车', '2017-09-21 11:26:52', '2018-06-08 23:59:59', '0', '正常', 1, '31', '', '00000000-0000-0000-0000-000000000000', '', '\0', null, null, null, null, '', '00000000-0000-0000-0000-000000000000', null);
INSERT INTO `vehicleinfo` VALUES ('99f7bd87-3fc6-49dd-a5c1-624560b42d24', '鄂ME3003', '用户0032', '3b1fecec-d57c-437e-a620-e861ee53cead', '', '00000000-0000-0000-0000-000000000000', '月租车', '2017-09-21 11:26:47', '2017-04-01 23:59:59', '0', '正常', 1, '31', '', '00000000-0000-0000-0000-000000000000', '', '\0', null, null, null, null, '', '00000000-0000-0000-0000-000000000000', null);
INSERT INTO `vehicleinfo` VALUES ('9bfeb129-a7e2-4bc1-a81a-ad0f29ff7562', '鄂M08D06', '用户0122', 'cf57b28f-e06a-4415-97f4-174ddd6188fd', '', '00000000-0000-0000-0000-000000000000', '月租车', '2017-09-21 11:26:51', '2018-01-01 23:59:59', '0', '正常', 1, '31', '', '00000000-0000-0000-0000-000000000000', '', '\0', null, null, null, null, '', '00000000-0000-0000-0000-000000000000', null);
INSERT INTO `vehicleinfo` VALUES ('9c15dc4e-628b-495e-bec5-f8b84a01ef51', '鄂M69B99', '用户0125', '5e96e3bf-5cfe-4e2b-a6be-084c5808a530', '', '00000000-0000-0000-0000-000000000000', '月租车', '2017-09-21 11:26:51', '2018-01-04 23:59:59', '0', '正常', 1, '31', '', '00000000-0000-0000-0000-000000000000', '', '\0', null, null, null, null, '', '00000000-0000-0000-0000-000000000000', null);
INSERT INTO `vehicleinfo` VALUES ('9d16e8cd-200e-4c52-9499-cb673cb69c6a', '鄂MB0626', '用户0079', '6e582263-c004-41f4-9502-d7a6a709b8bc', '', '00000000-0000-0000-0000-000000000000', '月租车', '2017-09-21 11:26:49', '2017-03-20 23:59:59', '0', '正常', 1, '31', '', '00000000-0000-0000-0000-000000000000', '', '\0', null, null, null, null, '', '00000000-0000-0000-0000-000000000000', null);
INSERT INTO `vehicleinfo` VALUES ('9ff98b3c-022f-43c8-8947-8688965821eb', '鄂M52C16', '用户0067', 'a5929a75-1f80-4390-98d9-bd48f2882d98', '', '00000000-0000-0000-0000-000000000000', '月租车', '2017-09-21 11:26:48', '2017-05-06 23:59:59', '0', '正常', 1, '31', '', '00000000-0000-0000-0000-000000000000', '', '\0', null, null, null, null, '', '00000000-0000-0000-0000-000000000000', null);
INSERT INTO `vehicleinfo` VALUES ('a025401a-2597-4327-9baa-8fa02fa57516', '鄂AM50D1', '用户0173', '503f458d-028e-45de-822d-9853b7c4abd1', '', '00000000-0000-0000-0000-000000000000', '月租车', '2017-09-21 11:26:53', '2018-06-22 23:59:59', '0', '正常', 1, '31', '', '00000000-0000-0000-0000-000000000000', '', '\0', null, null, null, null, '', '00000000-0000-0000-0000-000000000000', null);
INSERT INTO `vehicleinfo` VALUES ('a1b77831-0f1c-40b6-bbad-a03f9fbb26bb', '鄂M67B83', '用户0017', 'e37af0e5-fc68-4510-ad78-136bcc1c0902', '', '00000000-0000-0000-0000-000000000000', '月租车', '2017-09-21 11:26:46', '2017-03-17 23:59:59', '0', '正常', 1, '31', '', '00000000-0000-0000-0000-000000000000', '', '\0', null, null, null, null, '', '00000000-0000-0000-0000-000000000000', null);
INSERT INTO `vehicleinfo` VALUES ('a24682d0-04b0-4ad7-9823-ac658ca26633', '鄂M71B23', '用户0068', '07c21078-606f-469b-8e2a-b2f17d9cab27', '', '00000000-0000-0000-0000-000000000000', '月租车', '2017-09-21 11:26:48', '2017-05-07 23:59:59', '0', '正常', 1, '31', '', '00000000-0000-0000-0000-000000000000', '', '\0', null, null, null, null, '', '00000000-0000-0000-0000-000000000000', null);
INSERT INTO `vehicleinfo` VALUES ('a3fdd443-40ed-4461-890c-1aaa42747ad4', '鄂M11A27', '用户0146', '1cb36fa6-e6bc-4619-abb9-9e4a7efa88f0', '', '00000000-0000-0000-0000-000000000000', '月租车', '2017-09-21 11:26:52', '2018-05-26 23:59:59', '0', '正常', 1, '31', '', '00000000-0000-0000-0000-000000000000', '', '\0', null, null, null, null, '', '00000000-0000-0000-0000-000000000000', null);
INSERT INTO `vehicleinfo` VALUES ('a4051213-e6eb-44b5-a778-bb9b4e985376', '鄂A0J563', '用户0177', 'c5a760b4-f172-46e2-927a-d17b77bbb210', '', '00000000-0000-0000-0000-000000000000', '月租车', '2017-09-21 11:26:53', '2019-06-26 23:59:59', '0', '正常', 1, '31', '', '00000000-0000-0000-0000-000000000000', '', '\0', null, null, null, null, '', '00000000-0000-0000-0000-000000000000', null);
INSERT INTO `vehicleinfo` VALUES ('a49346b3-ba4c-49f6-96ec-11478680388a', '鄂M87C23', '用户0094', 'ff62188f-da7a-4e7e-bd35-fafdefc9811e', '', '00000000-0000-0000-0000-000000000000', '月租车', '2017-09-21 11:26:50', '2017-04-04 23:59:59', '0', '正常', 1, '31', '', '00000000-0000-0000-0000-000000000000', '', '\0', null, null, null, null, '', '00000000-0000-0000-0000-000000000000', null);
INSERT INTO `vehicleinfo` VALUES ('a511efb8-360e-49a4-b99b-62b0f99f86e5', '鄂M71A17', '用户0139', 'ef9b81b9-ff4e-468d-84d4-1d96dddee072', '', '00000000-0000-0000-0000-000000000000', '月租车', '2017-09-21 11:26:51', '2018-05-19 23:59:59', '0', '正常', 1, '31', '', '00000000-0000-0000-0000-000000000000', '', '\0', null, null, null, null, '', '00000000-0000-0000-0000-000000000000', null);
INSERT INTO `vehicleinfo` VALUES ('a6a2cb02-f56a-4294-b290-a4e82e023790', '鄂M00B45', '用户0152', '33d0dae6-a50c-4130-a325-324c8ae45549', '', '00000000-0000-0000-0000-000000000000', '月租车', '2017-09-21 11:26:52', '2018-06-01 23:59:59', '0', '正常', 1, '31', '', '00000000-0000-0000-0000-000000000000', '', '\0', null, null, null, null, '', '00000000-0000-0000-0000-000000000000', null);
INSERT INTO `vehicleinfo` VALUES ('a7322e26-3393-4d8e-80c3-cc91da824132', '鄂M33D10', '用户0041', '9b0e536a-aa33-49c0-b44f-0d5a02b8dd96', '', '00000000-0000-0000-0000-000000000000', '月租车', '2017-09-21 11:26:47', '2017-04-10 23:59:59', '0', '正常', 1, '31', '', '00000000-0000-0000-0000-000000000000', '', '\0', null, null, null, null, '', '00000000-0000-0000-0000-000000000000', null);
INSERT INTO `vehicleinfo` VALUES ('a8cf39a8-12d0-469a-96a8-76c67558fbae', '鄂MW6756', '用户0154', '99d8d003-bd68-4b5f-bd1c-b4c9e567ce78', '', '00000000-0000-0000-0000-000000000000', '月租车', '2017-09-21 11:26:52', '2018-06-03 23:59:59', '0', '正常', 1, '31', '', '00000000-0000-0000-0000-000000000000', '', '\0', null, null, null, null, '', '00000000-0000-0000-0000-000000000000', null);
INSERT INTO `vehicleinfo` VALUES ('a9e4bfdd-bce0-46ea-b166-7717ed4ebc85', '鄂M09A60', '用户0144', 'e23641a0-d9b5-451e-8f63-ec5bd5f0b1d0', '', '00000000-0000-0000-0000-000000000000', '月租车', '2017-09-21 11:26:52', '2018-05-24 23:59:59', '0', '正常', 1, '31', '', '00000000-0000-0000-0000-000000000000', '', '\0', null, null, null, null, '', '00000000-0000-0000-0000-000000000000', null);
INSERT INTO `vehicleinfo` VALUES ('aa8178fe-7ccd-4732-afc4-49539a58599f', '鄂M05D30', '用户0047', '52b65b36-1bab-417c-8c4d-dbaaf1800756', '', '00000000-0000-0000-0000-000000000000', '月租车', '2017-09-21 11:26:47', '2017-04-16 23:59:59', '0', '正常', 1, '31', '', '00000000-0000-0000-0000-000000000000', '', '\0', null, null, null, null, '', '00000000-0000-0000-0000-000000000000', null);
INSERT INTO `vehicleinfo` VALUES ('ab5b7fa0-95dd-47f7-a125-5d845617a3cd', '鄂A8G77D', '用户0045', 'b7caed32-25a2-454d-9fc4-c4bd9ea6d22d', '', '00000000-0000-0000-0000-000000000000', '月租车', '2017-09-21 11:26:47', '2017-04-14 23:59:59', '0', '正常', 1, '31', '', '00000000-0000-0000-0000-000000000000', '', '\0', null, null, null, null, '', '00000000-0000-0000-0000-000000000000', null);
INSERT INTO `vehicleinfo` VALUES ('ac374111-e52a-49c7-aca0-223f13c6f376', '鄂M97897', '用户0091', '437c9e34-be32-48b5-96f4-f47ef74547a4', '', '00000000-0000-0000-0000-000000000000', '月租车', '2017-09-21 11:26:50', '2017-04-01 23:59:59', '0', '正常', 1, '31', '', '00000000-0000-0000-0000-000000000000', '', '\0', null, null, null, null, '', '00000000-0000-0000-0000-000000000000', null);
INSERT INTO `vehicleinfo` VALUES ('ac3c4972-0937-4f7f-9af9-a32165cb35f8', '鄂A0VF11', '用户0118', 'c63a67a3-49dd-469c-b1cd-9ce6ca1dcfbe', '', '00000000-0000-0000-0000-000000000000', '月租车', '2017-09-21 11:26:51', '2017-12-28 23:59:59', '0', '正常', 1, '31', '', '00000000-0000-0000-0000-000000000000', '', '\0', null, null, null, null, '', '00000000-0000-0000-0000-000000000000', null);
INSERT INTO `vehicleinfo` VALUES ('ac947045-7f96-40c5-a4dd-0114c9b43436', '鄂M71366', '用户0088', '872d4897-91e4-44bf-bf0d-a8b9e2abc629', '', '00000000-0000-0000-0000-000000000000', '月租车', '2017-09-21 11:26:49', '2017-03-29 23:59:59', '0', '正常', 1, '31', '', '00000000-0000-0000-0000-000000000000', '', '\0', null, null, null, null, '', '00000000-0000-0000-0000-000000000000', null);
INSERT INTO `vehicleinfo` VALUES ('aeb08d9f-2409-411c-963c-de58f010de20', '鄂M60C88', '用户0040', 'bb28cad2-a5b4-46b9-a7f0-581f22489521', '', '00000000-0000-0000-0000-000000000000', '月租车', '2017-09-21 11:26:47', '2017-04-09 23:59:59', '0', '正常', 1, '31', '', '00000000-0000-0000-0000-000000000000', '', '\0', null, null, null, null, '', '00000000-0000-0000-0000-000000000000', null);
INSERT INTO `vehicleinfo` VALUES ('b1f2a2d1-f6c4-4cf9-8c29-af196ff55bf0', '鄂A6S2Y7', '用户0107', '5b4efbc7-2861-44ac-8f56-7b58903d6217', '', '00000000-0000-0000-0000-000000000000', '月租车', '2017-09-21 11:26:50', '2017-12-17 23:59:59', '0', '正常', 1, '31', '', '00000000-0000-0000-0000-000000000000', '', '\0', null, null, null, null, '', '00000000-0000-0000-0000-000000000000', null);
INSERT INTO `vehicleinfo` VALUES ('b23b14ac-df44-4988-aca4-272b210cd1b1', '鄂M37619', '用户0165', '5a195399-f3ab-4c8a-85db-620e7be0d24d', '', '00000000-0000-0000-0000-000000000000', '月租车', '2017-09-21 11:26:53', '2018-06-14 23:59:59', '0', '正常', 1, '31', '', '00000000-0000-0000-0000-000000000000', '', '\0', null, null, null, null, '', '00000000-0000-0000-0000-000000000000', null);
INSERT INTO `vehicleinfo` VALUES ('b252f0c8-a89d-45b0-92f9-aedc82816624', '鄂M33D62', '用户0054', '19722bb9-49e6-4c46-b97e-4567d8af4b3b', '', '00000000-0000-0000-0000-000000000000', '月租车', '2017-09-21 11:26:48', '2017-04-23 23:59:59', '0', '正常', 1, '31', '', '00000000-0000-0000-0000-000000000000', '', '\0', null, null, null, null, '', '00000000-0000-0000-0000-000000000000', null);
INSERT INTO `vehicleinfo` VALUES ('b281a74c-14b1-484b-b06b-57ad27a61818', '鄂M28B88', '用户0013', 'a7f93adf-5533-46ac-9ad7-93fe1b695995', '', '00000000-0000-0000-0000-000000000000', '月租车', '2017-09-21 11:26:46', '2017-03-13 23:59:59', '0', '正常', 1, '31', '', '00000000-0000-0000-0000-000000000000', '', '\0', null, null, null, null, '', '00000000-0000-0000-0000-000000000000', null);
INSERT INTO `vehicleinfo` VALUES ('b2eb2d59-39c5-4f36-b8f5-da61d66519a2', '鄂M29A75', '用户0056', '0f1f8474-57d7-4044-ba83-0fb093a7fe91', '', '00000000-0000-0000-0000-000000000000', '月租车', '2017-09-21 11:26:48', '2017-04-25 23:59:59', '0', '正常', 1, '31', '', '00000000-0000-0000-0000-000000000000', '', '\0', null, null, null, null, '', '00000000-0000-0000-0000-000000000000', null);
INSERT INTO `vehicleinfo` VALUES ('b4140ff7-caed-41d4-b12a-3eb8dc71ffc3', '贵AS8585', '用户0155', '971e7781-0481-45c2-b0bd-7f197fe844b2', '', '00000000-0000-0000-0000-000000000000', '月租车', '2017-09-21 11:26:52', '2018-06-04 23:59:59', '0', '正常', 1, '31', '', '00000000-0000-0000-0000-000000000000', '', '\0', null, null, null, null, '', '00000000-0000-0000-0000-000000000000', null);
INSERT INTO `vehicleinfo` VALUES ('b4f9e5e4-5776-445b-b8d7-216134a69784', '鄂MA8373', '用户0124', '083c46a3-816b-4b23-ab4a-413e07bf74f9', '', '00000000-0000-0000-0000-000000000000', '月租车', '2017-09-21 11:26:51', '2018-01-03 23:59:59', '0', '正常', 1, '31', '', '00000000-0000-0000-0000-000000000000', '', '\0', null, null, null, null, '', '00000000-0000-0000-0000-000000000000', null);
INSERT INTO `vehicleinfo` VALUES ('b593ceda-b7a6-4693-8fee-324084399aee', '鄂A779WY', '用户0010', 'a6804e66-554d-476c-9d82-9f99130f2c83', '', '00000000-0000-0000-0000-000000000000', '月租车', '2017-09-21 11:26:46', '2017-01-10 23:59:59', '0', '正常', 1, '31', '', '00000000-0000-0000-0000-000000000000', '', '\0', null, null, null, null, '', '00000000-0000-0000-0000-000000000000', null);
INSERT INTO `vehicleinfo` VALUES ('b626ff02-720d-4b96-a29c-6c02db933d4f', '鄂A9M3Y6', '用户0104', '299183ec-704e-48ad-a5dd-417e846a3823', '', '00000000-0000-0000-0000-000000000000', '月租车', '2017-09-21 11:26:50', '2017-04-14 23:59:59', '0', '正常', 1, '31', '', '00000000-0000-0000-0000-000000000000', '', '\0', null, null, null, null, '', '00000000-0000-0000-0000-000000000000', null);
INSERT INTO `vehicleinfo` VALUES ('b7e54698-b4a4-41dd-9ec8-7379396885f2', '鄂MA9622', '用户0053', '1e5ccbbc-fc74-47fe-8b50-6c4464475a86', '', '00000000-0000-0000-0000-000000000000', '月租车', '2017-09-21 11:26:48', '2017-04-22 23:59:59', '0', '正常', 1, '31', '', '00000000-0000-0000-0000-000000000000', '', '\0', null, null, null, null, '', '00000000-0000-0000-0000-000000000000', null);
INSERT INTO `vehicleinfo` VALUES ('b8d96b41-3db0-4891-bfa3-113d12b48953', '鄂M33B60', '用户0119', '013acd9a-148b-4983-97df-dabe23cba6ca', '', '00000000-0000-0000-0000-000000000000', '月租车', '2017-09-21 11:26:51', '2017-12-29 23:59:59', '0', '正常', 1, '31', '', '00000000-0000-0000-0000-000000000000', '', '\0', null, null, null, null, '', '00000000-0000-0000-0000-000000000000', null);
INSERT INTO `vehicleinfo` VALUES ('b94d3384-ae6c-45cc-b3ef-7631cf9ae930', '鄂M11A58', '用户0029', 'c13317d8-f0f0-4319-a2e7-16488ac9fcc0', '', '00000000-0000-0000-0000-000000000000', '月租车', '2017-09-21 11:26:47', '2017-03-29 23:59:59', '0', '正常', 1, '31', '', '00000000-0000-0000-0000-000000000000', '', '\0', null, null, null, null, '', '00000000-0000-0000-0000-000000000000', null);
INSERT INTO `vehicleinfo` VALUES ('bc73a16f-1326-452f-9c68-c934bd4ca6d5', '鄂AYW318', '用户0160', '33eff02e-923e-437b-873c-e13b86173b2e', '', '00000000-0000-0000-0000-000000000000', '月租车', '2017-09-21 11:26:52', '2018-06-09 23:59:59', '0', '正常', 1, '31', '', '00000000-0000-0000-0000-000000000000', '', '\0', null, null, null, null, '', '00000000-0000-0000-0000-000000000000', null);
INSERT INTO `vehicleinfo` VALUES ('be3a1d02-5f59-4f53-b000-f539cdced1b9', '鄂A5P7H8', '用户0131', '6fede97e-e96e-4507-8c08-f4d5900c6c5a', '', '00000000-0000-0000-0000-000000000000', '月租车', '2017-09-21 11:26:51', '2018-01-10 23:59:59', '0', '正常', 1, '31', '', '00000000-0000-0000-0000-000000000000', '', '\0', null, null, null, null, '', '00000000-0000-0000-0000-000000000000', null);
INSERT INTO `vehicleinfo` VALUES ('bebfc929-2ffc-46a5-b111-a2f4d4f4eef7', '鄂M70A69', '用户0101', '7f7645c8-81f3-4d6b-a998-67ab17f17457', '', '00000000-0000-0000-0000-000000000000', '月租车', '2017-09-21 11:26:50', '2017-04-11 23:59:59', '0', '正常', 1, '31', '', '00000000-0000-0000-0000-000000000000', '', '\0', null, null, null, null, '', '00000000-0000-0000-0000-000000000000', null);
INSERT INTO `vehicleinfo` VALUES ('becd5e41-f419-46ef-99e6-326dabaecd5f', '鄂M63C36', '用户0002', 'd0f97384-71d6-47e5-9760-4843c4dabb49', '', '00000000-0000-0000-0000-000000000000', '月租车', '2017-09-21 11:26:45', '2017-01-02 23:59:59', '0', '正常', 1, '31', '', '00000000-0000-0000-0000-000000000000', '', '\0', null, null, null, null, '', '00000000-0000-0000-0000-000000000000', null);
INSERT INTO `vehicleinfo` VALUES ('bf094206-1fcc-4f1f-9b5f-113de0e62f82', '鄂A0JQ03', '用户0049', '8e37bae1-be98-4836-aa8c-23e956bbf535', '', '00000000-0000-0000-0000-000000000000', '月租车', '2017-09-21 11:26:48', '2017-04-18 23:59:59', '0', '正常', 1, '31', '', '00000000-0000-0000-0000-000000000000', '', '\0', null, null, null, null, '', '00000000-0000-0000-0000-000000000000', null);
INSERT INTO `vehicleinfo` VALUES ('bf6f4282-0f76-41d6-993a-bd2009e47356', '鄂M53A72', '用户0191', '60cc55ee-fe28-4ff6-a893-3ed0eb75d0a3', '', '00000000-0000-0000-0000-000000000000', '月租车', '2017-09-21 11:26:54', '2019-07-10 23:59:59', '0', '正常', 1, '31', '', '00000000-0000-0000-0000-000000000000', '', '\0', null, null, null, null, '', '00000000-0000-0000-0000-000000000000', null);
INSERT INTO `vehicleinfo` VALUES ('c34b5221-d44b-4bf8-9716-6870353ddd52', '鄂M36C12', '用户0170', 'f30502d4-6019-4abf-baa8-f077330743c8', '', '00000000-0000-0000-0000-000000000000', '月租车', '2017-09-21 11:26:53', '2018-06-19 23:59:59', '0', '正常', 1, '31', '', '00000000-0000-0000-0000-000000000000', '', '\0', null, null, null, null, '', '00000000-0000-0000-0000-000000000000', null);
INSERT INTO `vehicleinfo` VALUES ('c70658ee-ae99-45cb-b5fa-e24f63ba15f0', '鄂M58A31', '用户0134', 'e3df95a4-e3a9-4718-b923-9e443dba02f0', '', '00000000-0000-0000-0000-000000000000', '月租车', '2017-09-21 11:26:51', '2018-01-13 23:59:59', '0', '正常', 1, '31', '', '00000000-0000-0000-0000-000000000000', '', '\0', null, null, null, null, '', '00000000-0000-0000-0000-000000000000', null);
INSERT INTO `vehicleinfo` VALUES ('c7e5ec67-c6de-4bbb-81b6-e3f4fbc68e01', '鄂M96C89', '用户0108', '460d3eda-effc-43a1-8bb4-4b38e84eeb54', '', '00000000-0000-0000-0000-000000000000', '月租车', '2017-09-21 11:26:50', '2017-12-18 23:59:59', '0', '正常', 1, '31', '', '00000000-0000-0000-0000-000000000000', '', '\0', null, null, null, null, '', '00000000-0000-0000-0000-000000000000', null);
INSERT INTO `vehicleinfo` VALUES ('cc3451a4-aa55-4c2c-9063-bcb701dbd455', '鄂AU067N', '用户0111', 'a78cef55-10f1-4553-a56c-b52b8d1ec4c2', '', '00000000-0000-0000-0000-000000000000', '月租车', '2017-09-21 11:26:50', '2017-12-21 23:59:59', '0', '正常', 1, '31', '', '00000000-0000-0000-0000-000000000000', '', '\0', null, null, null, null, '', '00000000-0000-0000-0000-000000000000', null);
INSERT INTO `vehicleinfo` VALUES ('cc7db637-aaee-4a25-af98-f4af155f574b', '鄂M03A88', '用户0038', '3c208d38-1e54-4135-aa32-92971243a74c', '', '00000000-0000-0000-0000-000000000000', '月租车', '2017-09-21 11:26:47', '2017-04-07 23:59:59', '0', '正常', 1, '31', '', '00000000-0000-0000-0000-000000000000', '', '\0', null, null, null, null, '', '00000000-0000-0000-0000-000000000000', null);
INSERT INTO `vehicleinfo` VALUES ('ce454eec-c3af-410c-87f9-4092b9261f2a', '鄂M75B88', '用户0130', 'ed960f15-4162-45c3-b511-79bddec25d8a', '', '00000000-0000-0000-0000-000000000000', '月租车', '2017-09-21 11:26:51', '2018-01-09 23:59:59', '0', '正常', 1, '31', '', '00000000-0000-0000-0000-000000000000', '', '\0', null, null, null, null, '', '00000000-0000-0000-0000-000000000000', null);
INSERT INTO `vehicleinfo` VALUES ('ce49d0f7-b5df-480b-9731-2b8fd6035a0b', '鄂A9Z9A3', '用户0135', '767572ad-ca5a-450e-addc-e44a67096732', '', '00000000-0000-0000-0000-000000000000', '月租车', '2017-09-21 11:26:51', '2018-01-14 23:59:59', '0', '正常', 1, '31', '', '00000000-0000-0000-0000-000000000000', '', '\0', null, null, null, null, '', '00000000-0000-0000-0000-000000000000', null);
INSERT INTO `vehicleinfo` VALUES ('d0b152ba-9618-4424-807c-77db65ad0c00', '鄂M55C37', '用户0051', '3fd12646-a73a-40ee-aac7-95632ece61c8', '', '00000000-0000-0000-0000-000000000000', '月租车', '2017-09-21 11:26:48', '2017-04-20 23:59:59', '0', '正常', 1, '31', '', '00000000-0000-0000-0000-000000000000', '', '\0', null, null, null, null, '', '00000000-0000-0000-0000-000000000000', null);
INSERT INTO `vehicleinfo` VALUES ('d0e2741b-3aef-43bf-aa7f-7b4e9ed83f61', '鄂MZ8385', '用户0042', 'f68a76ae-46e0-4b48-ac02-87612b57e7c9', '', '00000000-0000-0000-0000-000000000000', '月租车', '2017-09-21 11:26:47', '2017-04-11 23:59:59', '0', '正常', 1, '31', '', '00000000-0000-0000-0000-000000000000', '', '\0', null, null, null, null, '', '00000000-0000-0000-0000-000000000000', null);
INSERT INTO `vehicleinfo` VALUES ('d4f787c9-aca2-40d8-96b2-cd26088fada5', '鄂MA3559', '用户0194', '53a31515-6fc5-42b7-8abe-98709a44f407', '', '00000000-0000-0000-0000-000000000000', '月租车', '2017-09-21 11:26:54', '2019-07-13 23:59:59', '0', '正常', 1, '31', '', '00000000-0000-0000-0000-000000000000', '', '\0', null, null, null, null, '', '00000000-0000-0000-0000-000000000000', null);
INSERT INTO `vehicleinfo` VALUES ('d6dc5ec1-7315-41fd-9efb-271174701ad8', '鄂M98B66', '用户0026', '4dc92f59-020b-4545-978e-96ad66f0cc6e', '', '00000000-0000-0000-0000-000000000000', '月租车', '2017-09-21 11:26:46', '2017-03-26 23:59:59', '0', '正常', 1, '31', '', '00000000-0000-0000-0000-000000000000', '', '\0', null, null, null, null, '', '00000000-0000-0000-0000-000000000000', null);
INSERT INTO `vehicleinfo` VALUES ('d72e2472-69cc-4189-bbc6-66608d52b6b9', '鄂M80A68', '用户0150', '35b2704c-9236-41e5-b4f7-2a3ae91c2741', '', '00000000-0000-0000-0000-000000000000', '月租车', '2017-09-21 11:26:52', '2018-05-30 23:59:59', '0', '正常', 1, '31', '', '00000000-0000-0000-0000-000000000000', '', '\0', null, null, null, null, '', '00000000-0000-0000-0000-000000000000', null);
INSERT INTO `vehicleinfo` VALUES ('d7db8a41-8abd-417e-b238-4e1454ec8a7e', '鄂M67A95', '用户0142', 'd3c3c946-c858-4136-bff2-519fa3bdda01', '', '00000000-0000-0000-0000-000000000000', '月租车', '2017-09-21 11:26:52', '2018-05-22 23:59:59', '0', '正常', 1, '31', '', '00000000-0000-0000-0000-000000000000', '', '\0', null, null, null, null, '', '00000000-0000-0000-0000-000000000000', null);
INSERT INTO `vehicleinfo` VALUES ('d83d0cd1-66e3-4414-8e2d-e7a2262f2c67', '鄂M57A32', '用户0190', 'b34efafd-2a6b-468b-bfb3-a39a65127f00', '', '00000000-0000-0000-0000-000000000000', '月租车', '2017-09-21 11:26:54', '2019-07-09 23:59:59', '0', '正常', 1, '31', '', '00000000-0000-0000-0000-000000000000', '', '\0', null, null, null, null, '', '00000000-0000-0000-0000-000000000000', null);
INSERT INTO `vehicleinfo` VALUES ('d96bfc84-f16b-4508-9655-6ca9a8227806', '鄂MD6116', '用户0133', 'cbd0d895-3b4e-4e66-8e4b-aef4016c196f', '', '00000000-0000-0000-0000-000000000000', '月租车', '2017-09-21 11:26:51', '2018-01-12 23:59:59', '0', '正常', 1, '31', '', '00000000-0000-0000-0000-000000000000', '', '\0', null, null, null, null, '', '00000000-0000-0000-0000-000000000000', null);
INSERT INTO `vehicleinfo` VALUES ('da089727-3815-4648-893f-5f6633c9b957', '鄂M21A66', '用户0027', 'b7beeb60-ea7c-4644-ace4-55d6455ce894', '', '00000000-0000-0000-0000-000000000000', '月租车', '2017-09-21 11:26:47', '2017-03-27 23:59:59', '0', '正常', 1, '31', '', '00000000-0000-0000-0000-000000000000', '', '\0', null, null, null, null, '', '00000000-0000-0000-0000-000000000000', null);
INSERT INTO `vehicleinfo` VALUES ('db6cea93-789f-4034-b46f-a515d5798541', '鄂M75C98', '用户0174', 'e313b0f4-a044-4068-a38b-54d9f4cee51b', '', '00000000-0000-0000-0000-000000000000', '月租车', '2017-09-21 11:26:53', '2019-06-23 23:59:59', '0', '正常', 1, '31', '', '00000000-0000-0000-0000-000000000000', '', '\0', null, null, null, null, '', '00000000-0000-0000-0000-000000000000', null);
INSERT INTO `vehicleinfo` VALUES ('df7be495-a411-4a3f-baf3-247d0d0a920f', '鄂M86C33', '用户0035', 'd7dc4d06-5e8e-471b-aec8-88e626232db7', '', '00000000-0000-0000-0000-000000000000', '月租车', '2017-09-21 11:26:47', '2017-04-04 23:59:59', '0', '正常', 1, '31', '', '00000000-0000-0000-0000-000000000000', '', '\0', null, null, null, null, '', '00000000-0000-0000-0000-000000000000', null);
INSERT INTO `vehicleinfo` VALUES ('dfe3b447-f2ce-4489-965d-66ae53586e74', '鄂M28D09', '用户0178', '3095377e-8f4a-4491-8620-9963a55a6305', '', '00000000-0000-0000-0000-000000000000', '月租车', '2017-09-21 11:26:53', '2019-06-27 23:59:59', '0', '正常', 1, '31', '', '00000000-0000-0000-0000-000000000000', '', '\0', null, null, null, null, '', '00000000-0000-0000-0000-000000000000', null);
INSERT INTO `vehicleinfo` VALUES ('e062f8af-6ff1-46ad-a96f-023d2a38c444', '鄂AM68R2', '用户0064', '5e4d35e1-f3d3-4f5f-b9be-13ab3fd62597', '', '00000000-0000-0000-0000-000000000000', '月租车', '2017-09-21 11:26:48', '2017-05-03 23:59:59', '0', '正常', 1, '31', '', '00000000-0000-0000-0000-000000000000', '', '\0', null, null, null, null, '', '00000000-0000-0000-0000-000000000000', null);
INSERT INTO `vehicleinfo` VALUES ('e15b3dc3-eacf-4f9e-a5b1-6987a101922b', '鄂AAU797', '用户0166', '0a19eb04-a175-495e-8d5d-155d620b9420', '', '00000000-0000-0000-0000-000000000000', '月租车', '2017-09-21 11:26:53', '2018-06-15 23:59:59', '0', '正常', 1, '31', '', '00000000-0000-0000-0000-000000000000', '', '\0', null, null, null, null, '', '00000000-0000-0000-0000-000000000000', null);
INSERT INTO `vehicleinfo` VALUES ('e42bc1ba-448f-46e0-b772-4ba820bbca10', '鄂AX715G', '用户0086', 'ec5f6d87-32ab-4363-b9c2-55cf0d9e2d5c', '', '00000000-0000-0000-0000-000000000000', '月租车', '2017-09-21 11:26:49', '2017-03-27 23:59:59', '0', '正常', 1, '31', '', '00000000-0000-0000-0000-000000000000', '', '\0', null, null, null, null, '', '00000000-0000-0000-0000-000000000000', null);
INSERT INTO `vehicleinfo` VALUES ('e5fbbaa8-e1c5-459b-8e4e-34b701759460', '鄂M66A88', '用户0052', 'e67ce628-d701-4617-a341-a772d2c9a5cf', '', '00000000-0000-0000-0000-000000000000', '月租车', '2017-09-21 11:26:48', '2017-04-21 23:59:59', '0', '正常', 1, '31', '', '00000000-0000-0000-0000-000000000000', '', '\0', null, null, null, null, '', '00000000-0000-0000-0000-000000000000', null);
INSERT INTO `vehicleinfo` VALUES ('e677a59b-6823-4a98-9a22-d7ccf2248199', '鄂M11B66', '用户0006', '51d01919-6e62-44ff-be86-de58f5db3603', '', '00000000-0000-0000-0000-000000000000', '月租车', '2017-09-21 11:26:46', '2017-01-06 23:59:59', '0', '正常', 1, '31', '', '00000000-0000-0000-0000-000000000000', '', '\0', null, null, null, null, '', '00000000-0000-0000-0000-000000000000', null);
INSERT INTO `vehicleinfo` VALUES ('e78f8a0d-d07f-4095-8ddf-0a9b0dddd2d3', '鄂AC57Y2', '用户0004', 'e65580fc-a1c6-4f21-9b7f-cbf654cb9d76', '', '00000000-0000-0000-0000-000000000000', '月租车', '2017-09-21 11:26:45', '2017-01-04 23:59:59', '0', '正常', 1, '31', '', '00000000-0000-0000-0000-000000000000', '', '\0', null, null, null, null, '', '00000000-0000-0000-0000-000000000000', null);
INSERT INTO `vehicleinfo` VALUES ('e8eddcc9-d8ae-44a1-8e62-2ef719e3cc0d', '鄂M11B82', '用户0098', '31a0f522-fe26-41b9-b5b0-1ccfa1dc4a88', '', '00000000-0000-0000-0000-000000000000', '月租车', '2017-09-21 11:26:50', '2017-04-08 23:59:59', '0', '正常', 1, '31', '', '00000000-0000-0000-0000-000000000000', '', '\0', null, null, null, null, '', '00000000-0000-0000-0000-000000000000', null);
INSERT INTO `vehicleinfo` VALUES ('e907fe38-52a2-4d34-a262-ff686d670d6a', '鄂M10A23', '用户0030', 'fb48e4dc-ff16-46d6-98be-584b0e0a05a5', '', '00000000-0000-0000-0000-000000000000', '月租车', '2017-09-21 11:26:47', '2017-03-30 23:59:59', '0', '正常', 1, '31', '', '00000000-0000-0000-0000-000000000000', '', '\0', null, null, null, null, '', '00000000-0000-0000-0000-000000000000', null);
INSERT INTO `vehicleinfo` VALUES ('e99e60a2-e88b-4b03-b0a2-d6f59bf1035c', '鄂M91C88', '用户0025', '28a94519-7b32-4e39-b49c-c94e6c8a8ed9', '', '00000000-0000-0000-0000-000000000000', '月租车', '2017-09-21 11:26:46', '2017-03-25 23:59:59', '0', '正常', 1, '31', '', '00000000-0000-0000-0000-000000000000', '', '\0', null, null, null, null, '', '00000000-0000-0000-0000-000000000000', null);
INSERT INTO `vehicleinfo` VALUES ('ea618488-f835-4fd0-ab66-5cd1d7114848', '鄂M33D72', '用户0123', '235e86cb-81b0-4af6-8078-d4487e4146cc', '', '00000000-0000-0000-0000-000000000000', '月租车', '2017-09-21 11:26:51', '2018-01-02 23:59:59', '0', '正常', 1, '31', '', '00000000-0000-0000-0000-000000000000', '', '\0', null, null, null, null, '', '00000000-0000-0000-0000-000000000000', null);
INSERT INTO `vehicleinfo` VALUES ('ed6d4956-d491-4260-b1c1-ae1c08ac0366', '鄂M68A52', '用户0065', 'e591b23c-7c21-4dba-b76b-1c4c59a61d16', '', '00000000-0000-0000-0000-000000000000', '月租车', '2017-09-21 11:26:48', '2017-05-04 23:59:59', '0', '正常', 1, '31', '', '00000000-0000-0000-0000-000000000000', '', '\0', null, null, null, null, '', '00000000-0000-0000-0000-000000000000', null);
INSERT INTO `vehicleinfo` VALUES ('ed8f4ced-914c-4b97-a81d-eac14d8965ff', '鄂M38A77', '用户0095', '31b29d15-69e7-4a5a-b92b-77b46b3a1a42', '', '00000000-0000-0000-0000-000000000000', '月租车', '2017-09-21 11:26:50', '2017-04-05 23:59:59', '0', '正常', 1, '31', '', '00000000-0000-0000-0000-000000000000', '', '\0', null, null, null, null, '', '00000000-0000-0000-0000-000000000000', null);
INSERT INTO `vehicleinfo` VALUES ('eee919ef-064b-4a96-909e-042b6b5ece70', '鄂M95C66', '用户0062', 'e4affabc-5b4f-4167-aa4e-e78c6e00ff68', '', '00000000-0000-0000-0000-000000000000', '月租车', '2017-09-21 11:26:48', '2017-05-01 23:59:59', '0', '正常', 1, '31', '', '00000000-0000-0000-0000-000000000000', '', '\0', null, null, null, null, '', '00000000-0000-0000-0000-000000000000', null);
INSERT INTO `vehicleinfo` VALUES ('f2a82797-86bb-41f3-afed-9d16a60003aa', '鄂M88A99', '用户0036', 'ed3470e2-705f-4e23-9d12-217fc90d605c', '', '00000000-0000-0000-0000-000000000000', '月租车', '2017-09-21 11:26:47', '2017-04-05 23:59:59', '0', '正常', 1, '31', '', '00000000-0000-0000-0000-000000000000', '', '\0', null, null, null, null, '', '00000000-0000-0000-0000-000000000000', null);
INSERT INTO `vehicleinfo` VALUES ('f2dc07a4-5239-4838-8bd2-28495a50d038', '鄂ML3363', '用户0145', '11891521-32d3-498b-afe8-64c3877b0677', '', '00000000-0000-0000-0000-000000000000', '月租车', '2017-09-21 11:26:52', '2018-05-25 23:59:59', '0', '正常', 1, '31', '', '00000000-0000-0000-0000-000000000000', '', '\0', null, null, null, null, '', '00000000-0000-0000-0000-000000000000', null);
INSERT INTO `vehicleinfo` VALUES ('f55e8ad5-2950-4454-bbc7-f0df0dc26bbc', '鄂L005A3', '用户0129', '481a98b9-24d2-47d6-8ff6-38b383ece0f0', '', '00000000-0000-0000-0000-000000000000', '月租车', '2017-09-21 11:26:51', '2018-01-08 23:59:59', '0', '正常', 1, '31', '', '00000000-0000-0000-0000-000000000000', '', '\0', null, null, null, null, '', '00000000-0000-0000-0000-000000000000', null);
INSERT INTO `vehicleinfo` VALUES ('f5747510-c1ad-48af-82fb-c4357f327e52', '鄂M17B33', '用户0180', '3e231fc2-7626-45d9-ae13-d1c6f63cea27', '', '00000000-0000-0000-0000-000000000000', '月租车', '2017-09-21 11:26:53', '2019-06-29 23:59:59', '0', '正常', 1, '31', '', '00000000-0000-0000-0000-000000000000', '', '\0', null, null, null, null, '', '00000000-0000-0000-0000-000000000000', null);
INSERT INTO `vehicleinfo` VALUES ('f63d3fbd-3cf0-43bd-b03c-a7ab0487e87f', '鄂AN2Q78', '用户0077', '379835eb-722a-4242-b6e2-56dbcedc41ca', '', '00000000-0000-0000-0000-000000000000', '月租车', '2017-09-21 11:26:49', '2017-03-18 23:59:59', '0', '正常', 1, '31', '', '00000000-0000-0000-0000-000000000000', '', '\0', null, null, null, null, '', '00000000-0000-0000-0000-000000000000', null);
INSERT INTO `vehicleinfo` VALUES ('f8daab21-2eeb-4aa9-9532-86071432b1bf', '鄂M89C10', '用户0037', '8bff050f-f4d4-46a3-97c6-dcbef305e66d', '', '00000000-0000-0000-0000-000000000000', '月租车', '2017-09-21 11:26:47', '2017-04-06 23:59:59', '0', '正常', 1, '31', '', '00000000-0000-0000-0000-000000000000', '', '\0', null, null, null, null, '', '00000000-0000-0000-0000-000000000000', null);
INSERT INTO `vehicleinfo` VALUES ('fb1cfb6f-0445-482e-932d-cc97df77c570', '鄂A5HV29', '用户0186', 'b38a71e0-0fd5-4ded-a163-2125f438c9ec', '', '00000000-0000-0000-0000-000000000000', '月租车', '2017-09-21 11:26:54', '2019-07-05 23:59:59', '0', '正常', 1, '31', '', '00000000-0000-0000-0000-000000000000', '', '\0', null, null, null, null, '', '00000000-0000-0000-0000-000000000000', null);
INSERT INTO `vehicleinfo` VALUES ('fb87b305-e7ab-4016-b7cd-75674ad00c71', '鄂M76C23', '用户0192', '7126f3b1-b368-471a-9b3e-3fc2b9163b59', '', '00000000-0000-0000-0000-000000000000', '月租车', '2017-09-21 11:26:54', '2019-07-11 23:59:59', '0', '正常', 1, '31', '', '00000000-0000-0000-0000-000000000000', '', '\0', null, null, null, null, '', '00000000-0000-0000-0000-000000000000', null);
INSERT INTO `vehicleinfo` VALUES ('fdb5c22d-9645-4aaf-93f8-c9a98699cddc', '鄂MD9499', '用户0157', 'f85c6dfe-8954-4b7d-abcf-ba40d353d45e', '', '00000000-0000-0000-0000-000000000000', '月租车', '2017-09-21 11:26:52', '2018-06-06 23:59:59', '0', '正常', 1, '31', '', '00000000-0000-0000-0000-000000000000', '', '\0', null, null, null, null, '', '00000000-0000-0000-0000-000000000000', null);
INSERT INTO `vehicleinfo` VALUES ('fea2ed15-503a-44e4-a17c-f1172035d26c', '鄂ME7770', '用户0033', '56d033c3-0e8b-48aa-a3b5-5ebbeffa7b54', '', '00000000-0000-0000-0000-000000000000', '月租车', '2017-09-21 11:26:47', '2017-04-02 23:59:59', '0', '正常', 1, '31', '', '00000000-0000-0000-0000-000000000000', '', '\0', null, null, null, null, '', '00000000-0000-0000-0000-000000000000', null);
INSERT INTO `vehicleinfo` VALUES ('febf14ce-75d8-484a-91f5-044cd4dc504f', '鄂A201ZA', '用户0008', '524be5e4-95c8-419d-a937-e7a196f2b92a', '', '00000000-0000-0000-0000-000000000000', '月租车', '2017-09-21 11:26:46', '2017-01-08 23:59:59', '0', '正常', 1, '31', '', '00000000-0000-0000-0000-000000000000', '', '\0', null, null, null, null, '', '00000000-0000-0000-0000-000000000000', null);
